Latitude,Longitude,OBJECTID,ACCIDENT_NO,ABS_CODE,ACCIDENT_STATUS,ACCIDENT_DATE,ACCIDENT_TIME,ALCOHOLTIME,ACCIDENT_TYPE,DAY_OF_WEEK,DCA_CODE,HIT_RUN_FLAG,LIGHT_CONDITION,POLICE_ATTEND,ROAD_GEOMETRY,SEVERITY,SPEED_ZONE,RUN_OFFROAD,NODE_ID,LONGITUDE,LATITUDE,NODE_TYPE,LGA_NAME,REGION_NAME,VICGRID_X,VICGRID_Y,TOTAL_PERSONS,INJ_OR_FATAL,FATALITY,SERIOUSINJURY,OTHERINJURY,NONINJURED,MALES,FEMALES,BICYCLIST,PASSENGER,DRIVER,PEDESTRIAN,PILLION,MOTORIST,UNKNOWN,PED_CYCLIST_5_12,PED_CYCLIST_13_18,OLD_PEDESTRIAN,OLD_DRIVER,YOUNG_DRIVER,ALCOHOL_RELATED,UNLICENCSED,NO_OF_VEHICLES,HEAVYVEHICLE,PASSENGERVEHICLE,MOTORCYCLE,PUBLICVEHICLE,DEG_URBAN_NAME,DEG_URBAN_ALL,LGA_NAME_ALL,REGION_NAME_ALL,SRNS,SRNS_ALL,RMA,RMA_ALL,DIVIDED,DIVIDED_ALL,STAT_DIV_NAME
-37.8351077,144.9965048,1127,T20100031043,ABS to receive accident,Finished,04-08-2010,16.50.00,No,Collision with vehicle,Wednesday,RIGHT THROUGH,No,Day,Yes,Not at intersection,Serious injury accident,40,No,235232,144.9965,-37.83511,Non-Intersection,STONNINGTON,METROPOLITAN SOUTH EAST REGION,2499692.335,2407325.963,2,1,0,1,0,1,2,0,0,0,1,0,0,1,0,0,0,0,0,0,No,0,2,0,1,1,0,Metropolitan Excluding CBD,Metropolitan Excluding CBD,STONNINGTON,METROPOLITAN SOUTH EAST REGION,,,Arterial Other,Arterial Other,Undivided,Undivided,Metro
-38.0924196,145.2754602,1128,T20100031045,ABS to receive accident,Finished,04-08-2010,17.40.00,No,Collision with a fixed object,Wednesday,RIGHT OFF CARRIAGEWAY INTO OBJECT/PARKED VEHICLE,No,Dark Street lights on,Yes,Not at intersection,Serious injury accident,50,Yes,238769,145.27546,-38.09242,Non-Intersection,CASEY,METROPOLITAN SOUTH EAST REGION,2524164.633,2378730.756,1,1,0,1,0,0,1,0,0,0,1,0,0,0,0,0,0,0,0,0,Yes,0,1,0,1,0,0,Metropolitan Excluding CBD,Metropolitan Excluding CBD,CASEY,METROPOLITAN SOUTH EAST REGION,,,Local Road,Local Road,Undivided,Undivided,Metro
-38.11529613,145.1786315,1129,T20100031046,ABS to receive accident,Finished,04-08-2010,17.40.00,No,Collision with vehicle,Wednesday,REAR END(VEHICLES IN SAME LANE),No,Dark Street lights on,Yes,Not at intersection,Other injury accident,70,No,235701,145.17863,-38.1153,Non-Intersection,FRANKSTON,METROPOLITAN SOUTH EAST REGION,2515665.618,2376211.675,5,2,0,0,2,3,1,4,0,0,5,0,0,0,0,0,0,0,0,0,No,0,5,0,5,0,0,Metropolitan Excluding CBD,Metropolitan Excluding CBD,FRANKSTON,METROPOLITAN SOUTH EAST REGION,,,Arterial Other,Arterial Other,Undivided,Undivided,Metro
-36.61700785,145.2192317,1130,T20100031052,ABS to receive accident,Finished,01-08-2010,17.00.00,Yes,Collision with vehicle,Sunday,REAR END(VEHICLES IN SAME LANE),No,Day,Yes,Not at intersection,Other injury accident,60,No,237547,145.21923,-36.61701,Non-Intersection,SHEPPARTON,NORTH EASTERN REGION,2519609.063,2542473.489,5,1,0,0,1,4,2,3,0,2,3,0,0,0,0,0,0,0,0,0,No,0,3,1,2,0,0,Small Towns,Small Towns,SHEPPARTON,NORTH EASTERN REGION,C,C,Arterial Other,Arterial Other,Undivided,Undivided,Country
-38.14687727,144.338125,1131,T20100031055,ABS to receive accident,Finished,04-08-2010,18.00.00,Yes,Collision with vehicle,Wednesday,CROSS TRAFFIC(INTERSECTIONS ONLY),No,Dark Street lights on,Yes,Cross intersection,Other injury accident,50,No,235171,144.33812,-38.14688,Intersection,GEELONG,SOUTH WESTERN REGION,2441979.706,2372519.056,4,1,0,0,1,3,4,0,0,2,2,0,0,0,0,0,0,0,0,0,No,0,2,0,2,0,0,Large Provincial Cities,Large Provincial Cities,GEELONG,SOUTH WESTERN REGION,,,Local Road,Local Road,Undivided,Undivided,Country
-38.37205034,142.4740357,1132,T20100031065,ABS to receive accident,Finished,04-08-2010,18.45.00,Yes,Collision with vehicle,Wednesday,CROSS TRAFFIC(INTERSECTIONS ONLY),No,Dark Street lights on,Yes,Cross intersection,Other injury accident,70,No,30011,142.47404,-38.37205,Intersection,WARRNAMBOOL,SOUTH WESTERN REGION,2279260.066,2344795.33,4,3,0,0,3,1,2,2,0,2,2,0,0,0,0,0,0,0,0,1,No,0,2,0,2,0,0,Small Provincial Cities,Small Provincial Cities,WARRNAMBOOL,SOUTH WESTERN REGION,A,A,Arterial Highway,"Arterial Highway,Local Road",Undivided,Undivided,Country
-37.81533116,144.9903666,1133,T20100031078,ABS to receive accident,Finished,04-08-2010,18.25.00,Yes,Collision with vehicle,Wednesday,U TURN,No,Dark Street lights on,Yes,T intersection,Serious injury accident,70,No,37058,144.99037,-37.81533,Intersection,MELBOURNE,METROPOLITAN NORTH WEST REGION,2499151.801,2409520.88,3,1,0,1,0,2,2,1,0,1,1,0,0,1,0,0,0,0,0,0,No,0,2,0,1,1,0,Metropolitan Excluding CBD,Metropolitan Excluding CBD,"YARRA,MELBOURNE",METROPOLITAN NORTH WEST REGION,,,Arterial Highway,"Arterial Highway,Local Road",Undivided,Undivided,Metro
-37.80297905,144.9680521,1134,T20100031086,ABS to receive accident,Finished,04-08-2010,17.05.00,No,Collision with vehicle,Wednesday,CROSS TRAFFIC(INTERSECTIONS ONLY),No,Day,Yes,Cross intersection,Serious injury accident,50,No,36353,144.96805,-37.80298,Intersection,MELBOURNE,METROPOLITAN NORTH WEST REGION,2497186.597,2410891.375,2,1,0,1,0,1,1,1,1,0,1,0,0,0,0,0,0,0,0,0,No,0,2,0,1,0,0,Metropolitan Excluding CBD,Metropolitan Excluding CBD,MELBOURNE,METROPOLITAN NORTH WEST REGION,,,Local Road,Local Road,Undivided,Undivided,Metro
-37.84762864,145.2271493,1135,T20100031089,ABS to receive accident,Finished,04-08-2010,19.45.00,Yes,Collision with vehicle,Wednesday,RIGHT THROUGH,No,Dark Street lights on,Yes,Cross intersection,Serious injury accident,80,No,40888,145.22715,-37.84763,Intersection,KNOX,METROPOLITAN SOUTH EAST REGION,2519991.415,2405912.438,3,2,0,2,0,1,1,2,0,1,2,0,0,0,0,0,0,0,0,1,No,0,2,0,2,0,0,Metropolitan Excluding CBD,Metropolitan Excluding CBD,KNOX,METROPOLITAN SOUTH EAST REGION,,,Arterial Other,Arterial Other,Undivided,Undivided,Metro
-36.45017455,145.8573779,1136,T20100031100,ABS to receive accident,Finished,04-08-2010,05.00.00,Yes,Collision with a fixed object,Wednesday,LEFT OFF CARRIAGEWAY INTO OBJECT/PARKED VEHICLE,No,Dark No street lights,Yes,Not at intersection,Serious injury accident,100,Yes,236582,145.85738,-36.45017,Non-Intersection,BENALLA,NORTH EASTERN REGION,2576853.465,2560661.117,1,1,0,1,0,0,0,1,0,0,1,0,0,0,0,0,0,0,0,1,No,0,1,0,1,0,0,Country,Country,BENALLA,NORTH EASTERN REGION,A,A,Arterial Highway,Arterial Highway,Undivided,Undivided,Country
-38.17064193,145.9319388,1137,T20100031105,ABS to receive accident,Finished,04-08-2010,14.30.00,No,Collision with a fixed object,Wednesday,LEFT OFF CARRIAGEWAY INTO OBJECT/PARKED VEHICLE,No,Day,Yes,Not at intersection,Serious injury accident,60,Yes,236622,145.93194,-38.17064,Non-Intersection,BAW BAW,EASTERN REGION,2581667.754,2369683.009,1,1,0,1,0,0,0,1,0,0,1,0,0,0,0,0,0,0,0,0,No,0,1,0,1,0,0,Small Provincial Cities,Small Provincial Cities,BAW BAW,"EASTERN REGION,EASTERN REGION",C,C,Arterial Other,Arterial Other,Undivided,Undivided,Country
-37.81520689,144.8082975,1138,T20100031106,ABS to receive accident,Finished,05-08-2010,05.40.00,Yes,Collision with vehicle,Thursday,REAR END(VEHICLES IN SAME LANE),Yes,Dark Street lights on,Yes,Not at intersection,Other injury accident,100,No,235702,144.8083,-37.81521,Non-Intersection,BRIMBANK,METROPOLITAN NORTH WEST REGION,2483121.01,2409517.721,4,3,0,0,3,1,3,0,0,1,3,0,0,0,0,0,0,0,0,0,No,0,3,0,3,0,0,Metropolitan Excluding CBD,Metropolitan Excluding CBD,BRIMBANK,METROPOLITAN NORTH WEST REGION,M,M,Freeway,Freeway,Undivided,Undivided,Metro
-37.77328367,144.9340356,1139,T20100031112,ABS to receive accident,Finished,05-08-2010,06.25.00,No,Collision with vehicle,Thursday,RIGHT FAR (INTERSECTIONS ONLY),No,Dark Street lights on,Yes,T intersection,Other injury accident,60,No,45480,144.93404,-37.77328,Intersection,MOONEE VALLEY,METROPOLITAN NORTH WEST REGION,2494188.745,2414185.607,2,1,0,0,1,1,1,0,0,0,2,0,0,0,0,0,0,0,0,0,No,0,2,0,2,0,0,Metropolitan Excluding CBD,Metropolitan Excluding CBD,MOONEE VALLEY,METROPOLITAN NORTH WEST REGION,,,Arterial Other,"Arterial Other,Local Road",Undivided,Undivided,Metro
-37.68035833,145.0148305,1140,T20100031115,ABS to receive accident,Finished,05-08-2010,07.15.00,No,Collision with vehicle,Thursday,CROSS TRAFFIC(INTERSECTIONS ONLY),No,Day,Yes,Cross intersection,Other injury accident,50,No,37641,145.01483,-37.68036,Intersection,WHITTLESEA,METROPOLITAN NORTH WEST REGION,2501308.124,2424500.685,2,1,0,0,1,1,1,1,0,0,2,0,0,0,0,0,0,0,0,1,No,0,2,0,2,0,0,Metropolitan Excluding CBD,Metropolitan Excluding CBD,WHITTLESEA,METROPOLITAN NORTH WEST REGION,,,Local Road,Local Road,Undivided,Undivided,Metro
-38.10872609,145.1398732,1141,T20100031121,ABS to receive accident,Finished,05-08-2010,07.35.00,No,Collision with vehicle,Thursday,RIGHT THROUGH,No,Day,Yes,Multiple intersection,Other injury accident,50,No,12239,145.13987,-38.10873,Intersection,FRANKSTON,METROPOLITAN SOUTH EAST REGION,2512267.667,2376946.652,2,1,0,0,1,1,0,2,0,0,2,0,0,0,0,0,0,0,0,0,No,0,2,0,2,0,0,Metropolitan Excluding CBD,Metropolitan Excluding CBD,FRANKSTON,METROPOLITAN SOUTH EAST REGION,M,M,Freeway,"Freeway,Arterial Other",Undivided,Undivided,Metro
-37.10037246,142.394,1142,T20100031123,ABS to receive accident,Finished,04-08-2010,15.00.00,No,Collision with a fixed object,Wednesday,OFF LEFT BEND INTO OBJECT/PARKED VEHICLE,No,Day,Yes,Not at intersection,Serious injury accident,100,Yes,235205,142.394,-37.10037,Non-Intersection,NORTHERN GRAMPIANS,WESTERN REGION,2268404.562,2485692.453,2,2,0,2,0,0,1,1,0,1,1,0,0,0,0,0,0,0,0,0,No,0,1,0,1,0,0,Country,Country,NORTHERN GRAMPIANS,WESTERN REGION,C,C,Arterial Other,Arterial Other,Undivided,Undivided,Country
-37.82416612,145.2945386,1143,T20100031124,ABS to receive accident,Finished,05-08-2010,06.15.00,No,Collision with vehicle,Thursday,RIGHT NEAR (INTERSECTIONS ONLY),No,Dark Street lights on,No,T intersection,Other injury accident,70,No,39801,145.29454,-37.82417,Intersection,MAROONDAH,METROPOLITAN SOUTH EAST REGION,2525930.39,2408500.24,2,1,0,0,1,1,2,0,0,0,2,0,0,0,0,0,0,0,0,0,No,0,2,1,1,0,0,Metropolitan Excluding CBD,Metropolitan Excluding CBD,MAROONDAH,METROPOLITAN SOUTH EAST REGION,,,Arterial Other,"Arterial Other,Local Road",Undivided,Undivided,Metro
-37.84699939,144.6927389,1144,T20100031126,ABS to receive accident,Finished,05-08-2010,08.30.00,No,Collision with vehicle,Thursday,VEHICLE OFF FOOTPATH STRIKES VEH ON CARRIAGEWAY,No,Day,No,Not at intersection,Other injury accident,50,No,235520,144.69274,-37.847,Non-Intersection,WYNDHAM,METROPOLITAN NORTH WEST REGION,2472957.741,2405962.487,2,1,0,0,1,1,1,1,1,0,1,0,0,0,0,0,0,0,0,0,No,0,2,0,1,0,0,Metropolitan Excluding CBD,Metropolitan Excluding CBD,WYNDHAM,METROPOLITAN NORTH WEST REGION,,,Local Road,Local Road,Undivided,Undivided,Metro
-37.78856939,144.9343585,1145,T20100031130,ABS to receive accident,Finished,05-08-2010,08.50.00,No,Collision with vehicle,Thursday,RIGHT THROUGH,No,Day,Yes,T intersection,Other injury accident,40,No,29364,144.93436,-37.78857,Intersection,MELBOURNE,METROPOLITAN NORTH WEST REGION,2494218.368,2412489.13,2,1,0,0,1,1,0,2,1,0,1,0,0,0,0,0,0,0,0,0,No,1,2,0,1,0,0,Metropolitan Excluding CBD,Metropolitan Excluding CBD,"MOONEE VALLEY,MELBOURNE",METROPOLITAN NORTH WEST REGION,,,Arterial Highway,"Arterial Highway,Local Road",Undivided,Undivided,Metro
-37.81433525,145.0337618,1146,T20100031131,ABS to receive accident,Finished,05-08-2010,08.50.00,No,Collision with vehicle,Thursday,RIGHT THROUGH,No,Day,Yes,T intersection,Serious injury accident,60,No,38928,145.03376,-37.81434,Intersection,BOROONDARA,METROPOLITAN SOUTH EAST REGION,2502972.686,2409630.929,2,1,0,1,0,1,1,1,0,0,1,0,0,1,0,0,0,0,0,0,No,0,2,0,1,1,0,Metropolitan Excluding CBD,Metropolitan Excluding CBD,BOROONDARA,METROPOLITAN SOUTH EAST REGION,,,Arterial Other,"Arterial Other,Local Road",Undivided,Undivided,Metro
-37.86342621,145.0797071,1147,T20100031135,ABS to receive accident,Finished,04-08-2010,08.00.00,No,Collision with vehicle,Wednesday,LANE CHANGE RIGHT (NOT OVERTAKING),No,Day,No,T intersection,Other injury accident,60,No,47392,145.07971,-37.86343,Intersection,BOROONDARA,METROPOLITAN SOUTH EAST REGION,2507013.563,2404179.992,3,1,0,0,1,2,0,3,0,1,2,0,0,0,0,0,0,0,0,0,No,0,2,0,2,0,0,Metropolitan Excluding CBD,Metropolitan Excluding CBD,BOROONDARA,METROPOLITAN SOUTH EAST REGION,,,Arterial Other,"Arterial Other,Local Road",Undivided,Undivided,Metro
-38.06736089,146.2272795,1148,T20100031138,ABS to receive accident,Finished,31-07-2010,10.00.00,No,No collision and no object struck,Saturday,OUT OF CONTROL ON CARRIAGEWAY (ON BEND),No,Day,No,Not at intersection,Other injury accident,100,No,235174,146.22728,-38.06736,Non-Intersection,BAW BAW,EASTERN REGION,2607695.607,2380853.06,1,1,0,0,1,0,1,0,0,0,0,0,0,1,0,0,0,0,0,0,No,0,1,0,0,1,0,Country,Country,BAW BAW,"EASTERN REGION,EASTERN REGION",,,Local Road,Local Road,Undivided,Undivided,Country
-37.83238835,145.2133515,1149,T20100031139,ABS to receive accident,Finished,05-08-2010,09.25.00,No,Collision with vehicle,Thursday,LEFT REAR,No,Day,Yes,Cross intersection,Other injury accident,70,No,35531,145.21335,-37.83239,Intersection,MAROONDAH,METROPOLITAN SOUTH EAST REGION,2518780.864,2407606.74,2,1,0,0,1,1,0,2,0,0,2,0,0,0,0,0,0,0,0,0,No,0,2,0,2,0,0,Metropolitan Excluding CBD,Metropolitan Excluding CBD,"WHITEHORSE,MAROONDAH",METROPOLITAN SOUTH EAST REGION,,,Arterial Other,"Arterial Other,Local Road",Undivided,Undivided,Metro
-38.34416401,143.5804525,1150,T20100031147,ABS to receive accident,Finished,04-08-2010,10.05.00,No,Collision with vehicle,Wednesday,CROSS TRAFFIC(INTERSECTIONS ONLY),No,Day,Yes,Cross intersection,Other injury accident,50,No,50618,143.58045,-38.34416,Intersection,COLAC OTWAY,SOUTH WESTERN REGION,2375891.918,2349894.528,2,2,0,0,2,0,0,2,0,0,2,0,0,0,0,0,0,0,1,0,No,0,2,0,2,0,0,Small Provincial Cities,Small Provincial Cities,COLAC OTWAY,SOUTH WESTERN REGION,,,Local Road,Local Road,Undivided,Undivided,Country
-37.93630615,145.238899,1151,T20100031149,ABS to receive accident,Finished,05-08-2010,09.35.00,No,Collision with vehicle,Thursday,HEAD ON (NOT OVERTAKING),No,Day,Yes,T intersection,Other injury accident,70,No,36711,145.2389,-37.93631,Intersection,KNOX,METROPOLITAN SOUTH EAST REGION,2521000.805,2396067.533,2,1,0,0,1,1,1,1,0,0,2,0,0,0,0,0,0,0,0,1,No,0,2,0,2,0,0,Metropolitan Excluding CBD,Metropolitan Excluding CBD,KNOX,METROPOLITAN SOUTH EAST REGION,,,Local Road,Local Road,Undivided,Undivided,Metro
-38.00425593,145.2174116,1152,T20100031161,ABS to receive accident,Finished,05-08-2010,09.57.00,No,Collision with vehicle,Thursday,CROSS TRAFFIC(INTERSECTIONS ONLY),No,Day,Yes,Cross intersection,Other injury accident,80,No,28872,145.21741,-38.00426,Intersection,DANDENONG,METROPOLITAN SOUTH EAST REGION,2519094.697,2388529.998,2,2,0,0,2,0,1,1,0,0,2,0,0,0,0,0,0,0,0,0,No,0,2,0,2,0,0,Metropolitan Excluding CBD,Metropolitan Excluding CBD,DANDENONG,METROPOLITAN SOUTH EAST REGION,,,Arterial Highway,Arterial Highway,Undivided,Undivided,Metro
-35.05455768,142.8828518,1153,T20100031165,ABS to receive accident,Finished,05-08-2010,09.45.00,No,Collision with vehicle,Thursday,CROSS TRAFFIC(INTERSECTIONS ONLY),No,Day,Yes,Cross intersection,Other injury accident,60,No,235335,142.88285,-35.05456,Intersection,SWAN HILL,NORTHERN REGION,2306792.804,2713725.378,2,2,0,0,2,0,1,1,0,0,2,0,0,0,0,0,0,0,0,0,No,0,2,0,2,0,0,Small Towns,Small Towns,SWAN HILL,NORTHERN REGION,B,"B,C",Arterial Highway,"Arterial Highway,Arterial Other",Undivided,Undivided,Country
-37.86452943,144.9817012,1154,T20100031167,ABS to receive accident,Finished,27-07-2010,18.35.00,Yes,Collision with vehicle,Tuesday,LEFT TURN SIDESWIPE,No,Dark Street lights on,No,T intersection,Other injury accident,60,No,235988,144.9817,-37.86453,Intersection,PORT PHILLIP,METROPOLITAN NORTH WEST REGION,2498389.88,2404060.327,2,1,0,0,1,1,2,0,1,0,1,0,0,0,0,0,0,0,0,0,No,0,2,0,1,0,0,Metropolitan Excluding CBD,Metropolitan Excluding CBD,PORT PHILLIP,METROPOLITAN NORTH WEST REGION,,,Arterial Other,"Arterial Other,Local Road",Undivided,Undivided,Metro
-37.71874912,145.0073016,1155,T20100031172,ABS to receive accident,Finished,05-08-2010,09.45.00,No,No collision and no object struck,Thursday,OUT OF CONTROL ON CARRIAGEWAY (ON STRAIGHT),No,Day,Yes,T intersection,Other injury accident,60,No,35663,145.0073,-37.71875,Intersection,DAREBIN,METROPOLITAN NORTH WEST REGION,2500643.708,2420240.069,1,1,0,0,1,0,0,1,0,0,0,0,0,1,0,0,0,0,0,0,No,0,1,0,0,1,0,Metropolitan Excluding CBD,Metropolitan Excluding CBD,DAREBIN,METROPOLITAN NORTH WEST REGION,,,Local Road,Local Road,Undivided,Undivided,Metro
-37.97292581,145.2376259,1156,T20100031173,ABS to receive accident,Finished,04-08-2010,18.50.00,Yes,Collision with vehicle,Wednesday,REAR END(VEHICLES IN SAME LANE),No,Dark No street lights,Yes,Not at intersection,Other injury accident,100,No,235175,145.23763,-37.97293,Non-Intersection,CASEY,METROPOLITAN SOUTH EAST REGION,2520878.743,2392003.259,7,1,0,0,1,6,2,5,0,5,2,0,0,0,0,0,0,0,0,0,No,0,2,0,2,0,0,Metropolitan Excluding CBD,Metropolitan Excluding CBD,CASEY,METROPOLITAN SOUTH EAST REGION,M,M,Freeway,Freeway,Undivided,Undivided,Metro
-37.85747209,144.7782962,1157,T20100031175,ABS to receive accident,Finished,26-07-2010,18.30.00,Yes,Collision with vehicle,Monday,REAR END(VEHICLES IN SAME LANE),No,Dark Street lights on,No,Not at intersection,Other injury accident,100,No,235989,144.7783,-37.85747,Non-Intersection,HOBSONS BAY,METROPOLITAN NORTH WEST REGION,2480490.39,2404821.055,4,1,0,0,1,3,2,2,0,0,4,0,0,0,0,0,0,0,0,2,No,0,4,0,4,0,0,Metropolitan Excluding CBD,Metropolitan Excluding CBD,HOBSONS BAY,METROPOLITAN NORTH WEST REGION,M,M,Freeway,Freeway,Undivided,Undivided,Metro
-37.77205739,145.200204,1158,T20100031177,ABS to receive accident,Finished,04-08-2010,07.10.00,No,No collision and no object struck,Wednesday,OFF CARRIAGEWAY TO RIGHT,No,Dusk/Dawn,No,T intersection,Other injury accident,60,Yes,38396,145.2002,-37.77206,Intersection,MANNINGHAM,METROPOLITAN SOUTH EAST REGION,2517637.6,2414305.174,1,1,0,0,1,0,1,0,0,0,0,0,0,1,0,0,0,0,0,0,No,0,1,0,0,1,0,Metropolitan Excluding CBD,Metropolitan Excluding CBD,MANNINGHAM,METROPOLITAN SOUTH EAST REGION,,,Local Road,Local Road,Undivided,Undivided,Metro
-38.12012552,144.3284053,1159,T20100031180,ABS to receive accident,Finished,05-08-2010,10.30.00,No,Collision with vehicle,Thursday,VEHICLE COLLIDES WITH VEHICLE PARKED ON LEFT OF ROAD,No,Day,Yes,Cross intersection,Other injury accident,60,No,71702,144.32841,-38.12013,Intersection,GEELONG,SOUTH WESTERN REGION,2441106.741,2375482.562,3,1,0,0,1,2,1,2,0,2,1,0,0,0,0,0,0,0,1,0,No,0,2,0,2,0,0,Large Provincial Cities,Large Provincial Cities,GEELONG,SOUTH WESTERN REGION,C,C,Arterial Other,"Arterial Other,Local Road",Undivided,Undivided,Country
-37.80924477,144.9729709,1160,T20100031181,ABS to receive accident,Finished,05-08-2010,12.56.00,No,Struck Pedestrian,Thursday,FAR SIDE. PED HIT BY VEHICLE FROM THE LEFT,Yes,Day,No,Cross intersection,Other injury accident,50,No,241,144.97297,-37.80924,Intersection,MELBOURNE,METROPOLITAN NORTH WEST REGION,2497619.96,2410196.096,2,2,0,0,2,0,1,0,0,0,0,1,0,1,0,0,0,0,0,0,No,0,1,0,0,1,0,Metropolitan Excluding CBD,Metropolitan Excluding CBD,MELBOURNE,METROPOLITAN NORTH WEST REGION,,,Local Road,Local Road,Undivided,Undivided,Metro
-38.17131779,145.9189389,1161,T20100031187,ABS to receive accident,Finished,04-08-2010,17.05.00,No,Collision with vehicle,Wednesday,CROSS TRAFFIC(INTERSECTIONS ONLY),No,Day,Yes,Cross intersection,Other injury accident,70,No,223516,145.91894,-38.17132,Intersection,BAW BAW,EASTERN REGION,2580527.854,2369619.063,4,2,0,0,2,2,0,4,0,2,2,0,0,0,0,0,0,0,0,0,No,0,2,0,2,0,0,Small Provincial Cities,"Small Provincial Cities,Country",BAW BAW,"EASTERN REGION,EASTERN REGION",,,Local Road,Local Road,Undivided,Undivided,Country
-36.11626705,146.8684139,1162,T20100031201,ABS to receive accident,Finished,05-08-2010,16.01.00,No,Collision with vehicle,Thursday,CUTTING IN (OVERTAKING),No,Day,Yes,T intersection,Other injury accident,60,No,53594,146.86841,-36.11627,Intersection,WODONGA,NORTH EASTERN REGION,2668199.097,2596405.714,2,1,0,0,1,1,2,0,0,0,1,0,0,1,0,0,0,0,0,1,No,0,2,0,1,1,0,Small Provincial Cities,Small Provincial Cities,WODONGA,NORTH EASTERN REGION,,,Local Road,Local Road,Undivided,Undivided,Country
-37.96222519,145.1508103,1163,T20100031213,ABS to receive accident,Finished,05-08-2010,18.20.00,Yes,Collision with vehicle,Thursday,RIGHT REAR.,Yes,Dark Street lights on,Yes,Not at intersection,Other injury accident,60,No,99871,145.15081,-37.96223,Non-Intersection,DANDENONG,METROPOLITAN SOUTH EAST REGION,2513252.676,2393206.532,3,1,0,0,1,2,1,1,0,1,2,0,0,0,0,0,0,0,0,0,No,0,2,1,1,0,0,Metropolitan Excluding CBD,Metropolitan Excluding CBD,DANDENONG,METROPOLITAN SOUTH EAST REGION,,,Arterial Other,Arterial Other,Undivided,Undivided,Metro
-38.07617512,145.4802382,1164,T20100031216,ABS to receive accident,Finished,05-08-2010,17.50.00,No,Collision with vehicle,Thursday,VEHICLE STRIKES ANOTHER VEH WHILE EMERGING FROM DRIVEWAY,No,Dusk/Dawn,Yes,Not at intersection,Other injury accident,50,No,235235,145.48024,-38.07618,Non-Intersection,CARDINIA,METROPOLITAN SOUTH EAST REGION,2542137.669,2380462.588,4,3,0,0,3,1,1,3,0,2,2,0,0,0,0,0,0,0,0,0,No,0,2,0,2,0,0,Small Provincial Cities,Small Provincial Cities,CARDINIA,METROPOLITAN SOUTH EAST REGION,,,Local Road,Local Road,Undivided,Undivided,Metro
-37.72993428,145.1064865,1165,T20100031221,ABS to receive accident,Finished,05-08-2010,18.07.00,Yes,Collision with vehicle,Thursday,OTHER SAME DIRECTION-MANOUEVRES NOT INCLUDED IN DCAs 130-137,No,Dark Street lights unknown,Yes,Not at intersection,Other injury accident,70,No,235704,145.10649,-37.72993,Non-Intersection,BANYULE,METROPOLITAN NORTH WEST REGION,2509386.498,2418993.478,2,1,0,0,1,1,1,1,1,0,1,0,0,0,0,0,1,0,0,0,No,0,2,0,1,0,0,Metropolitan Excluding CBD,Metropolitan Excluding CBD,BANYULE,METROPOLITAN NORTH WEST REGION,,,Arterial Other,Arterial Other,Undivided,Undivided,Metro
-38.22185591,144.2333311,1166,T20100031222,ABS to receive accident,Finished,05-08-2010,17.50.00,No,Collision with vehicle,Thursday,U TURN,No,Dusk/Dawn,Yes,Not at intersection,Serious injury accident,100,No,235705,144.23333,-38.22186,Non-Intersection,SURF COAST,SOUTH WESTERN REGION,2432860.636,2364127.265,3,1,0,1,0,2,1,2,0,1,2,0,0,0,0,0,0,0,1,0,No,0,2,0,2,0,0,Country,Country,SURF COAST,SOUTH WESTERN REGION,,,Local Road,Local Road,Undivided,Undivided,Country
-37.81604133,145.283001,1167,T20100031227,ABS to receive accident,Finished,05-08-2010,18.32.00,Yes,Collision with vehicle,Thursday,CROSS TRAFFIC(INTERSECTIONS ONLY),No,Dark Street lights on,Yes,Cross intersection,Other injury accident,50,No,65979,145.283,-37.81604,Intersection,MAROONDAH,METROPOLITAN SOUTH EAST REGION,2524917.332,2409405.067,3,1,0,0,1,2,2,1,0,1,2,0,0,0,0,0,0,0,0,2,No,0,2,0,2,0,0,Metropolitan Excluding CBD,Metropolitan Excluding CBD,MAROONDAH,METROPOLITAN SOUTH EAST REGION,,,Local Road,Local Road,Undivided,Undivided,Metro