Latitude,Longitude,OBJECTID,ACCIDENT_NO,ABS_CODE,ACCIDENT_STATUS,ACCIDENT_DATE,ACCIDENT_TIME,ALCOHOLTIME,ACCIDENT_TYPE,DAY_OF_WEEK,DCA_CODE,HIT_RUN_FLAG,LIGHT_CONDITION,POLICE_ATTEND,ROAD_GEOMETRY,SEVERITY,SPEED_ZONE,RUN_OFFROAD,NODE_ID,LONGITUDE,LATITUDE,NODE_TYPE,LGA_NAME,REGION_NAME,VICGRID_X,VICGRID_Y,TOTAL_PERSONS,INJ_OR_FATAL,FATALITY,SERIOUSINJURY,OTHERINJURY,NONINJURED,MALES,FEMALES,BICYCLIST,PASSENGER,DRIVER,PEDESTRIAN,PILLION,MOTORIST,UNKNOWN,PED_CYCLIST_5_12,PED_CYCLIST_13_18,OLD_PEDESTRIAN,OLD_DRIVER,YOUNG_DRIVER,ALCOHOL_RELATED,UNLICENCSED,NO_OF_VEHICLES,HEAVYVEHICLE,PASSENGERVEHICLE,MOTORCYCLE,PUBLICVEHICLE,DEG_URBAN_NAME,DEG_URBAN_ALL,LGA_NAME_ALL,REGION_NAME_ALL,SRNS,SRNS_ALL,RMA,RMA_ALL,DIVIDED,DIVIDED_ALL,STAT_DIV_NAME
-37.77753311,144.8333945,1168,T20100031232,ABS to receive accident,Finished,05-08-2010,16.20.00,No,Collision with vehicle,Thursday,REAR END(VEHICLES IN SAME LANE),No,Day,No,T intersection,Other injury accident,60,No,45063,144.83339,-37.77753,Intersection,BRIMBANK,METROPOLITAN NORTH WEST REGION,2485323.426,2413703.152,4,1,0,0,1,3,1,3,0,2,2,0,0,0,0,0,0,0,0,1,No,0,2,0,2,0,0,Metropolitan Excluding CBD,Metropolitan Excluding CBD,BRIMBANK,METROPOLITAN NORTH WEST REGION,,,Arterial Other,"Arterial Other,Local Road",Undivided,Undivided,Metro
-38.19579404,145.1607358,1169,T20100031233,ABS to receive accident,Finished,24-07-2010,15.30.00,Yes,Collision with vehicle,Saturday,CROSS TRAFFIC(INTERSECTIONS ONLY),No,Day,No,Cross intersection,Other injury accident,60,No,43598,145.16074,-38.19579,Intersection,MORNINGTON PENINSULA,METROPOLITAN SOUTH EAST REGION,2514081.117,2367278.806,3,1,0,0,1,2,1,2,0,1,2,0,0,0,0,0,0,0,0,2,No,0,2,0,2,0,0,Metropolitan Excluding CBD,Metropolitan Excluding CBD,MORNINGTON PENINSULA,METROPOLITAN SOUTH EAST REGION,C,C,Arterial Other,"Arterial Other,Local Road",Undivided,Undivided,Metro
-37.94203103,145.0016624,1170,T20100031239,ABS to receive accident,Finished,05-08-2010,19.20.00,Yes,Collision with vehicle,Thursday,CROSS TRAFFIC(INTERSECTIONS ONLY),No,Dark Street lights on,Yes,Cross intersection,Serious injury accident,60,No,42032,145.00166,-37.94203,Intersection,BAYSIDE,METROPOLITAN SOUTH EAST REGION,2500146.125,2395458.458,4,2,0,1,1,2,1,3,0,2,2,0,0,0,0,0,0,0,0,0,No,0,2,0,2,0,0,Metropolitan Excluding CBD,Metropolitan Excluding CBD,BAYSIDE,METROPOLITAN SOUTH EAST REGION,,,Arterial Other,"Arterial Other,Local Road",Undivided,Undivided,Metro
-36.39870784,145.3684461,1171,T20100031240,ABS to receive accident,Finished,05-08-2010,19.35.00,Yes,Vehicle overturned (no collision),Thursday,OFF CARRIAGEWAY ON RIGHT BEND,No,Dark No street lights,Yes,Not at intersection,Serious injury accident,60,Yes,235420,145.36845,-36.39871,Non-Intersection,SHEPPARTON,NORTH EASTERN REGION,2533049.159,2566653.762,1,1,0,1,0,0,0,1,0,0,1,0,0,0,0,0,0,0,0,0,No,0,1,0,1,0,0,Small Provincial Cities,Small Provincial Cities,SHEPPARTON,NORTH EASTERN REGION,,,Local Road,Local Road,Undivided,Undivided,Country
-37.92790593,145.1137518,1172,T20100031243,ABS to receive accident,Finished,05-08-2010,19.00.00,Yes,Collision with vehicle,Thursday,HEAD ON (NOT OVERTAKING),No,Dark Street lights on,Yes,T intersection,Serious injury accident,60,No,42387,145.11375,-37.92791,Intersection,KINGSTON,METROPOLITAN SOUTH EAST REGION,2510000.657,2397020.274,3,3,0,3,0,0,2,1,0,1,2,0,0,0,0,0,0,0,0,1,No,0,2,0,2,0,0,Metropolitan Excluding CBD,Metropolitan Excluding CBD,"MONASH,KINGSTON",METROPOLITAN SOUTH EAST REGION,,,Arterial Other,"Arterial Other,Local Road",Undivided,Undivided,Metro
-37.56980012,143.8101191,1173,T20100031244,ABS to receive accident,Finished,05-08-2010,16.20.00,No,Collision with vehicle,Thursday,REAR END(VEHICLES IN SAME LANE),No,Day,Yes,Not at intersection,Other injury accident,60,No,235192,143.81012,-37.5698,Non-Intersection,BALLARAT,WESTERN REGION,2394895.801,2436113.597,3,1,0,0,1,2,3,0,0,1,2,0,0,0,0,0,0,0,0,2,No,1,2,0,2,0,0,Large Provincial Cities,Large Provincial Cities,BALLARAT,WESTERN REGION,C,C,Arterial Other,Arterial Other,Undivided,Undivided,Country
-38.01786363,145.2708961,1174,T20100031254,ABS to receive accident,Finished,05-08-2010,21.05.00,Yes,Struck Pedestrian,Thursday,PED PLAYING/LYING/WORKING/STANDING ON CARRIAGEWAY.,No,Dark Street lights on,Yes,Not at intersection,Other injury accident,60,No,194729,145.2709,-38.01786,Non-Intersection,CASEY,METROPOLITAN SOUTH EAST REGION,2523787.798,2387007.543,5,2,0,0,2,3,4,1,0,2,1,2,0,0,0,0,0,0,0,0,No,0,1,0,1,0,0,Metropolitan Excluding CBD,Metropolitan Excluding CBD,CASEY,METROPOLITAN SOUTH EAST REGION,,,Arterial Other,Arterial Other,Undivided,Undivided,Metro
-37.7462388,144.7996937,1175,T20100031256,ABS to receive accident,Finished,05-08-2010,16.10.00,No,Struck Pedestrian,Thursday,FAR SIDE. PED HIT BY VEHICLE FROM THE LEFT,No,Day,Yes,Not at intersection,Serious injury accident,60,No,235892,144.79969,-37.74624,Non-Intersection,BRIMBANK,METROPOLITAN NORTH WEST REGION,2482347.356,2417170.619,3,1,0,1,0,2,1,2,0,1,1,1,0,0,0,0,0,1,0,0,No,0,1,0,1,0,0,Metropolitan Excluding CBD,Metropolitan Excluding CBD,BRIMBANK,METROPOLITAN NORTH WEST REGION,,,Local Road,Local Road,Undivided,Undivided,Metro
-37.8514398,144.6686277,1176,T20100031257,ABS to receive accident,Finished,05-08-2010,06.08.00,No,Collision with vehicle,Thursday,VEHICLE COLLIDES WITH VEHICLE PARKED ON LEFT OF ROAD,No,Dark No street lights,Yes,Not at intersection,Other injury accident,70,No,235206,144.66863,-37.85144,Non-Intersection,WYNDHAM,METROPOLITAN NORTH WEST REGION,2470837.421,2405462.537,1,1,0,0,1,0,1,0,1,0,0,0,0,0,0,0,0,0,0,0,No,0,2,0,1,0,0,Metropolitan Excluding CBD,Metropolitan Excluding CBD,WYNDHAM,METROPOLITAN NORTH WEST REGION,,,Local Road,Local Road,Undivided,Undivided,Metro
-37.75530602,144.9942732,1177,T20100031271,ABS to receive accident,Finished,06-08-2010,06.15.00,No,Struck Pedestrian,Friday,ANY MANOEUVRE INVOLVING PED NOT INCLUDED IN DCAs 100-108.,No,Dark Street lights on,Yes,Cross intersection,Serious injury accident,50,No,30602,144.99427,-37.75531,Intersection,DAREBIN,METROPOLITAN NORTH WEST REGION,2499495.369,2416182.855,2,1,0,1,0,1,1,1,0,0,1,1,0,0,0,0,0,1,0,0,No,0,1,0,1,0,0,Metropolitan Excluding CBD,Metropolitan Excluding CBD,DAREBIN,METROPOLITAN NORTH WEST REGION,,,Arterial Highway,"Arterial Highway,Local Road",Undivided,Undivided,Metro
-37.8162376,145.194553,1178,T20100031273,ABS to receive accident,Finished,06-08-2010,07.00.00,No,Collision with vehicle,Friday,REAR END(VEHICLES IN SAME LANE),No,Day,Yes,Not at intersection,Other injury accident,70,No,88424,145.19455,-37.81624,Non-Intersection,WHITEHORSE,METROPOLITAN SOUTH EAST REGION,2517129.739,2409402.816,4,1,0,0,1,3,2,2,0,0,4,0,0,0,0,0,0,0,0,2,No,0,4,0,4,0,0,Metropolitan Excluding CBD,Metropolitan Excluding CBD,WHITEHORSE,METROPOLITAN SOUTH EAST REGION,,,Arterial Highway,Arterial Highway,Undivided,Undivided,Metro
-37.94329929,145.5355957,1179,T20100031276,ABS to receive accident,Finished,10-07-2010,15.00.00,Yes,No collision and no object struck,Saturday,OUT OF CONTROL ON CARRIAGEWAY (ON STRAIGHT),No,Day,No,T intersection,Other injury accident,80,No,235237,145.5356,-37.9433,Intersection,CARDINIA,METROPOLITAN SOUTH EAST REGION,2547077.848,2395185.261,1,1,0,0,1,0,1,0,0,0,0,0,0,1,0,0,0,0,0,0,No,0,1,0,0,1,0,Country,Country,CARDINIA,METROPOLITAN SOUTH EAST REGION,,,Local Road,Local Road,Undivided,Undivided,Metro
-37.83237216,145.0655904,1180,T20100031280,ABS to receive accident,Finished,06-08-2010,07.25.00,No,Vehicle overturned (no collision),Friday,OUT OF CONTROL ON CARRIAGEWAY (ON STRAIGHT),No,Day,Yes,Not at intersection,Serious injury accident,60,No,235208,145.06559,-37.83237,Non-Intersection,BOROONDARA,METROPOLITAN SOUTH EAST REGION,2505773.785,2407627.592,1,1,0,1,0,0,1,0,0,0,0,0,0,1,0,0,0,0,0,0,No,0,1,0,0,1,0,Metropolitan Excluding CBD,Metropolitan Excluding CBD,BOROONDARA,METROPOLITAN SOUTH EAST REGION,,,Arterial Other,Arterial Other,Undivided,Undivided,Metro
-37.7449172,144.7847788,1181,T20100031281,ABS to receive accident,Finished,05-08-2010,21.20.00,Yes,Collision with vehicle,Thursday,LEFT OFF CARRIAGEWAY INTO OBJECT/PARKED VEHICLE,Yes,Dark Street lights on,No,Cross intersection,Other injury accident,50,Yes,63182,144.78478,-37.74492,Intersection,BRIMBANK,METROPOLITAN NORTH WEST REGION,2481032.605,2417314.426,2,1,0,0,1,1,2,0,0,1,1,0,0,0,0,0,0,0,0,0,Yes,0,2,0,2,0,0,Metropolitan Excluding CBD,Metropolitan Excluding CBD,BRIMBANK,METROPOLITAN NORTH WEST REGION,,,Local Road,Local Road,Undivided,Undivided,Metro
-37.92486607,145.1438543,1182,T20100031282,ABS to receive accident,Finished,06-08-2010,06.40.00,No,Struck Pedestrian,Friday,FAR SIDE. PED HIT BY VEHICLE FROM THE LEFT,No,Dusk/Dawn,Yes,Not at intersection,Other injury accident,80,No,148597,145.14385,-37.92487,Non-Intersection,DANDENONG,METROPOLITAN SOUTH EAST REGION,2512647.676,2397354.095,2,1,0,0,1,1,2,0,0,0,1,1,0,0,0,0,0,0,0,0,No,0,1,0,1,0,0,Metropolitan Excluding CBD,Metropolitan Excluding CBD,"MONASH,DANDENONG",METROPOLITAN SOUTH EAST REGION,,,Arterial Highway,Arterial Highway,Undivided,Undivided,Metro
-37.85301932,145.1017594,1183,T20100031285,ABS to receive accident,Finished,30-07-2010,08.00.00,No,Collision with vehicle,Friday,RIGHT THROUGH,No,Day,No,T intersection,Serious injury accident,Not known,No,235706,145.10176,-37.85302,Intersection,WHITEHORSE,METROPOLITAN SOUTH EAST REGION,2508955.212,2405333.196,2,1,0,1,0,1,2,0,0,0,2,0,0,0,0,0,0,0,0,0,No,0,2,0,2,0,0,Metropolitan Excluding CBD,Metropolitan Excluding CBD,WHITEHORSE,METROPOLITAN SOUTH EAST REGION,,,Local Road,Local Road,Undivided,Undivided,Metro
-37.78291965,144.9802209,1184,T20100031287,ABS to receive accident,Finished,06-08-2010,08.55.00,No,Collision with vehicle,Friday,CROSS TRAFFIC(INTERSECTIONS ONLY),No,Day,Yes,Cross intersection,Other injury accident,50,No,37834,144.98022,-37.78292,Intersection,YARRA,METROPOLITAN NORTH WEST REGION,2498257.747,2413117.984,2,1,0,0,1,1,1,1,0,0,1,0,0,1,0,0,0,0,0,0,No,0,2,0,1,1,0,Metropolitan Excluding CBD,Metropolitan Excluding CBD,YARRA,METROPOLITAN NORTH WEST REGION,,,Local Road,Local Road,Undivided,Undivided,Metro
-37.9118306,145.0428367,1185,T20100031291,ABS to receive accident,Finished,03-08-2010,15.55.00,No,Collision with vehicle,Tuesday,REAR END(VEHICLES IN SAME LANE),No,Day,No,Not at intersection,Other injury accident,60,No,235240,145.04284,-37.91183,Non-Intersection,GLEN EIRA,METROPOLITAN SOUTH EAST REGION,2503766.856,2398809.64,3,1,0,0,1,2,2,1,0,0,3,0,0,0,0,0,0,0,0,0,No,0,3,0,3,0,0,Metropolitan Excluding CBD,Metropolitan Excluding CBD,GLEN EIRA,METROPOLITAN SOUTH EAST REGION,,,Arterial Other,Arterial Other,Undivided,Undivided,Metro
-37.79261072,145.0704822,1186,T20100031293,ABS to receive accident,Finished,06-08-2010,06.20.00,No,Collision with vehicle,Friday,LEFT TURN SIDESWIPE,Yes,Dark Street lights on,No,Cross intersection,Other injury accident,70,No,39097,145.07048,-37.79261,Intersection,BOROONDARA,METROPOLITAN SOUTH EAST REGION,2506207.666,2412040.294,2,1,0,0,1,1,1,0,1,0,1,0,0,0,0,0,0,0,0,0,No,0,2,0,1,0,0,Metropolitan Excluding CBD,Metropolitan Excluding CBD,BOROONDARA,METROPOLITAN SOUTH EAST REGION,,,Arterial Other,"Arterial Other,Local Road",Undivided,Undivided,Metro
-37.9907454,145.2001976,1187,T20100031294,ABS to receive accident,Finished,06-08-2010,10.30.00,No,Collision with vehicle,Friday,RIGHT FAR (INTERSECTIONS ONLY),No,Day,Yes,T intersection,Other injury accident,80,No,70725,145.2002,-37.99075,Non-Intersection,DANDENONG,METROPOLITAN SOUTH EAST REGION,2517585.993,2390032.931,2,1,0,0,1,1,2,0,0,0,1,0,0,1,0,0,0,0,0,0,No,0,2,0,1,1,0,Metropolitan Excluding CBD,Metropolitan Excluding CBD,DANDENONG,METROPOLITAN SOUTH EAST REGION,,,Local Road,Local Road,Undivided,Undivided,Metro
-37.81107293,144.8696828,1188,T20100031297,ABS to receive accident,Finished,06-08-2010,10.40.00,No,Collision with vehicle,Friday,RIGHT TURN SIDESWIPE,No,Day,Yes,Multiple intersection,Other injury accident,60,No,452,144.86968,-37.81107,Intersection,MARIBYRNONG,METROPOLITAN NORTH WEST REGION,2488525.218,2409985.678,2,1,0,0,1,1,1,1,0,0,1,0,0,1,0,0,0,0,0,0,No,0,2,0,1,1,0,Metropolitan Excluding CBD,Metropolitan Excluding CBD,MARIBYRNONG,METROPOLITAN NORTH WEST REGION,,,Arterial Highway,"Arterial Highway,Local Road",Undivided,Undivided,Metro
-37.56405025,143.8382404,1189,T20100031303,ABS to receive accident,Finished,06-08-2010,10.45.00,No,Collision with vehicle,Friday,RIGHT FAR (INTERSECTIONS ONLY),No,Day,Yes,Cross intersection,Other injury accident,60,No,52891,143.83824,-37.56405,Intersection,BALLARAT,WESTERN REGION,2397371.889,2436782.332,2,1,0,0,1,1,1,1,1,0,1,0,0,0,0,0,0,0,0,0,No,0,2,0,1,0,0,Large Provincial Cities,Large Provincial Cities,BALLARAT,WESTERN REGION,,,Local Road,Local Road,Undivided,Undivided,Country
-38.05627438,145.3099895,1190,T20100031306,ABS to receive accident,Finished,06-08-2010,08.30.00,No,Collision with vehicle,Friday,REAR END(VEHICLES IN SAME LANE),No,Day,Yes,T intersection,Other injury accident,70,No,47366,145.30999,-38.05627,Intersection,CASEY,METROPOLITAN SOUTH EAST REGION,2527206.752,2382733.558,6,1,0,0,1,5,2,4,0,3,3,0,0,0,0,0,0,0,0,1,No,0,3,0,3,0,0,Metropolitan Excluding CBD,Metropolitan Excluding CBD,CASEY,METROPOLITAN SOUTH EAST REGION,,,Local Road,Local Road,Undivided,Undivided,Metro
-37.7058742,144.9250235,1191,T20100031310,ABS to receive accident,Finished,05-08-2010,13.20.00,No,Collision with vehicle,Thursday,VEHICLE COLLIDES WITH VEHICLE PARKED ON LEFT OF ROAD,No,Day,No,Not at intersection,Serious injury accident,70,No,236133,144.92502,-37.70587,Non-Intersection,MORELAND,METROPOLITAN NORTH WEST REGION,2493388.92,2421666.384,2,1,0,1,0,1,1,0,0,1,1,0,0,0,0,0,0,0,0,0,No,0,2,0,2,0,0,Metropolitan Excluding CBD,Metropolitan Excluding CBD,MORELAND,METROPOLITAN NORTH WEST REGION,,,Local Road,Local Road,Undivided,Undivided,Metro
-38.35846071,144.93071,1192,T20100031342,ABS to receive accident,Finished,05-08-2010,15.00.00,No,Collision with a fixed object,Thursday,RIGHT OFF CARRIAGEWAY INTO OBJECT/PARKED VEHICLE,No,Day,Yes,Not at intersection,Other injury accident,50,Yes,235363,144.93071,-38.35846,Non-Intersection,MORNINGTON PENINSULA,METROPOLITAN SOUTH EAST REGION,2493943.047,2349230.463,1,1,0,0,1,0,1,0,0,0,1,0,0,0,0,0,0,0,0,0,No,0,1,0,1,0,0,Metropolitan Excluding CBD,Metropolitan Excluding CBD,MORNINGTON PENINSULA,METROPOLITAN SOUTH EAST REGION,,,Local Road,Local Road,Undivided,Undivided,Metro
-38.0226824,145.3219267,1193,T20100031349,ABS to receive accident,Finished,06-08-2010,15.50.00,No,Struck Pedestrian,Friday,ANY MANOEUVRE INVOLVING PED NOT INCLUDED IN DCAs 100-108.,No,Day,Yes,Not at intersection,Other injury accident,60,No,235726,145.32193,-38.02268,Non-Intersection,CASEY,METROPOLITAN SOUTH EAST REGION,2528267.048,2386458.722,2,1,0,0,1,1,1,1,0,0,1,1,0,0,0,0,1,0,0,0,No,0,1,1,0,0,0,Metropolitan Excluding CBD,Metropolitan Excluding CBD,CASEY,METROPOLITAN SOUTH EAST REGION,,,Local Road,Local Road,Undivided,Undivided,Metro
-36.31460825,145.0473832,1194,T20100031352,ABS to receive accident,Finished,06-08-2010,16.55.00,Yes,Collision with vehicle,Friday,RIGHT THROUGH,No,Day,Yes,Cross intersection,Serious injury accident,60,No,51466,145.04738,-36.31461,Intersection,CAMPASPE,NORTHERN REGION,2504254.866,2576047.995,2,1,0,1,0,1,0,2,0,0,2,0,0,0,0,0,0,0,1,0,No,0,2,0,2,0,0,Other Towns,Other Towns,CAMPASPE,NORTHERN REGION,,,Local Road,Local Road,Undivided,Undivided,Country
-38.14674402,145.8440504,1195,T20100031354,ABS to receive accident,Finished,06-08-2010,16.15.00,Yes,Collision with vehicle,Friday,RIGHT THROUGH,No,Day,Yes,T intersection,Serious injury accident,60,No,235727,145.84405,-38.14674,Intersection,BAW BAW,EASTERN REGION,2573989.634,2372407.54,5,1,0,1,0,4,3,2,0,3,2,0,0,0,0,0,0,0,0,1,No,0,3,1,2,0,0,Other Towns,Other Towns,BAW BAW,"EASTERN REGION,EASTERN REGION",C,C,Arterial Other,"Arterial Other,Local Road",Undivided,Undivided,Country
-37.84837611,145.0125006,1196,T20100031369,ABS to receive accident,Finished,06-08-2010,18.00.00,Yes,Struck Pedestrian,Friday,FAR SIDE. PED HIT BY VEHICLE FROM THE LEFT,No,Dark Street lights on,Yes,T intersection,Other injury accident,60,No,37783,145.0125,-37.84838,Intersection,STONNINGTON,METROPOLITAN SOUTH EAST REGION,2501100.168,2405853.255,2,1,0,0,1,1,0,2,0,0,1,1,0,0,0,1,0,0,0,0,No,0,1,0,1,0,0,Metropolitan Excluding CBD,Metropolitan Excluding CBD,STONNINGTON,METROPOLITAN SOUTH EAST REGION,,,Arterial Other,"Arterial Other,Local Road",Undivided,Undivided,Metro
-37.84396384,144.7808086,1197,T20100031373,ABS to receive accident,Finished,06-08-2010,17.00.00,Yes,Collision with vehicle,Friday,RIGHT REAR.,No,Day,Yes,Not at intersection,Serious injury accident,60,No,114311,144.78081,-37.84396,Non-Intersection,WYNDHAM,METROPOLITAN NORTH WEST REGION,2480708.021,2406320.83,2,1,0,1,0,1,2,0,0,0,2,0,0,0,0,0,0,0,0,0,No,0,2,0,2,0,0,Metropolitan Excluding CBD,Metropolitan Excluding CBD,WYNDHAM,METROPOLITAN NORTH WEST REGION,,,Local Road,Local Road,Undivided,Undivided,Metro
-37.80726767,144.9593512,1198,T20100031376,ABS to receive accident,Finished,06-08-2010,16.06.00,Yes,Collision with vehicle,Friday,LEAVING PARKING,No,Day,Yes,Not at intersection,Other injury accident,50,No,137437,144.95935,-37.80727,Non-Intersection,MELBOURNE,METROPOLITAN NORTH WEST REGION,2496420.58,2410415.102,2,1,0,0,1,1,2,0,1,0,1,0,0,0,0,0,0,0,0,0,No,0,2,0,1,0,0,Metropolitan Excluding CBD,Metropolitan Excluding CBD,MELBOURNE,METROPOLITAN NORTH WEST REGION,,,Local Road,Local Road,Undivided,Undivided,Metro
-37.81261738,144.9533851,1199,T20100031380,ABS to receive accident,Finished,06-08-2010,18.30.00,Yes,Collision with vehicle,Friday,VEHICLE STRIKES DOOR OF PARKED/STATIONARY VEHICLE,No,Dark No street lights,No,Not at intersection,Other injury accident,50,No,138692,144.95339,-37.81262,Non-Intersection,MELBOURNE,METROPOLITAN NORTH WEST REGION,2495895.515,2409821.113,3,1,0,0,1,2,1,1,1,1,1,0,0,0,0,0,0,0,0,0,No,0,2,0,1,0,0,Metropolitan CBD Only,"Metropolitan Excluding CBD,Metropolitan CBD Only",MELBOURNE,METROPOLITAN NORTH WEST REGION,,,Local Road,Local Road,Undivided,Undivided,Metro
-37.90307981,145.1571755,1200,T20100031385,ABS to receive accident,Finished,06-08-2010,17.45.00,Yes,Collision with vehicle,Friday,REAR END(VEHICLES IN SAME LANE),No,Dusk/Dawn,No,Cross intersection,Other injury accident,Not known,No,47202,145.15718,-37.90308,Intersection,MONASH,METROPOLITAN SOUTH EAST REGION,2513822.865,2399770.342,5,1,0,0,1,4,2,3,0,1,4,0,0,0,0,0,0,0,0,2,No,0,4,0,4,0,0,Metropolitan Excluding CBD,Metropolitan Excluding CBD,MONASH,METROPOLITAN SOUTH EAST REGION,M,M,Freeway,"Freeway,Local Road,Arterial Other",Undivided,Undivided,Metro
-38.0201889,145.3459519,1201,T20100031388,ABS to receive accident,Finished,06-08-2010,17.10.00,Yes,Collision with vehicle,Friday,RIGHT NEAR (INTERSECTIONS ONLY),No,Dark Street lights on,Yes,T intersection,Other injury accident,60,No,47555,145.34595,-38.02019,Intersection,CASEY,METROPOLITAN SOUTH EAST REGION,2530377.598,2386728.093,5,1,0,0,1,4,1,4,0,3,2,0,0,0,0,0,0,0,0,0,No,0,2,0,2,0,0,Metropolitan Excluding CBD,Metropolitan Excluding CBD,CASEY,METROPOLITAN SOUTH EAST REGION,,,Local Road,Local Road,Undivided,Undivided,Metro
-37.81392171,144.9714147,1202,T20100031389,ABS to receive accident,Finished,06-08-2010,13.35.00,No,Collision with vehicle,Friday,REAR END(VEHICLES IN SAME LANE),No,Day,Yes,Not at intersection,Serious injury accident,50,No,75719,144.97141,-37.81392,Non-Intersection,MELBOURNE,METROPOLITAN NORTH WEST REGION,2497483.079,2409676.976,2,1,0,1,0,1,2,0,1,0,1,0,0,0,0,0,0,0,0,0,No,0,2,0,1,0,0,Metropolitan CBD Only,Metropolitan CBD Only,MELBOURNE,METROPOLITAN NORTH WEST REGION,,,Local Road,Local Road,Undivided,Undivided,Metro
-38.0312998,145.3060153,1203,T20100031396,ABS to receive accident,Finished,06-08-2010,16.30.00,Yes,Collision with vehicle,Friday,RIGHT THROUGH,No,Day,Yes,Cross intersection,Other injury accident,50,No,43632,145.30602,-38.0313,Intersection,CASEY,METROPOLITAN SOUTH EAST REGION,2526866.861,2385506.821,5,2,0,0,2,3,2,3,0,3,2,0,0,0,0,0,0,0,0,0,No,0,2,0,2,0,0,Metropolitan Excluding CBD,Metropolitan Excluding CBD,CASEY,METROPOLITAN SOUTH EAST REGION,C,C,Arterial Other,"Arterial Other,Local Road",Undivided,Undivided,Metro
-38.31175113,146.4192537,1204,T20100031402,ABS to receive accident,Finished,06-08-2010,15.40.00,No,Collision with vehicle,Friday,VEHICLE OFF FOOTPATH STRIKES VEH ON CARRIAGEWAY,No,Day,Yes,Not at intersection,Other injury accident,50,No,235242,146.41925,-38.31175,Non-Intersection,LATROBE,EASTERN REGION,2624136.036,2353492.847,3,1,0,0,1,2,1,2,1,1,1,0,0,0,0,1,0,0,0,0,No,0,2,0,1,0,0,Other Towns,Other Towns,LATROBE,"EASTERN REGION,EASTERN REGION",,,Local Road,Local Road,Undivided,Undivided,Country
-37.7574985,144.9211974,1205,T20100031408,ABS to receive accident,Finished,04-08-2010,14.45.00,No,Collision with vehicle,Wednesday,LEFT NEAR (INTERSECTIONS ONLY),No,Day,No,T intersection,Serious injury accident,50,No,235243,144.9212,-37.7575,Intersection,MOONEE VALLEY,METROPOLITAN NORTH WEST REGION,2493056.299,2415936.665,2,1,0,1,0,1,1,1,0,0,2,0,0,0,0,0,0,0,0,1,No,0,2,0,2,0,0,Metropolitan Excluding CBD,Metropolitan Excluding CBD,MOONEE VALLEY,METROPOLITAN NORTH WEST REGION,,,Arterial Other,"Arterial Other,Local Road",Undivided,Undivided,Metro
-37.83335838,145.2087838,1206,T20100031412,ABS to receive accident,Finished,06-08-2010,19.58.00,Yes,Collision with vehicle,Friday,OTHER ADJACENT (INTERSECTIONS ONLY),No,Dark Street lights on,Yes,T intersection,Serious injury accident,70,No,40875,145.20878,-37.83336,Intersection,WHITEHORSE,METROPOLITAN SOUTH EAST REGION,2518378.543,2407499.969,3,2,0,1,1,1,1,2,0,1,2,0,0,0,0,0,0,0,0,1,No,1,2,0,2,0,0,Metropolitan Excluding CBD,Metropolitan Excluding CBD,WHITEHORSE,METROPOLITAN SOUTH EAST REGION,,,Arterial Other,"Arterial Other,Local Road",Undivided,Undivided,Metro
-37.8006187,144.8970472,1207,T20100031418,ABS to receive accident,Finished,06-08-2010,21.10.00,Yes,Struck Pedestrian,Friday,PED NEAR SIDE. PED HIT BY VEHICLE FROM THE RIGHT.,No,Dark Street lights on,Yes,Cross intersection,Serious injury accident,50,No,38771,144.89705,-37.80062,Intersection,MARIBYRNONG,METROPOLITAN NORTH WEST REGION,2490933.47,2411148.912,2,1,0,1,0,1,2,0,0,0,1,1,0,0,0,0,0,1,0,1,No,0,1,0,1,0,0,Metropolitan Excluding CBD,Metropolitan Excluding CBD,MARIBYRNONG,METROPOLITAN NORTH WEST REGION,,,Local Road,Local Road,Undivided,Undivided,Metro
-37.68526548,144.919811,1208,T20100031423,ABS to receive accident,Finished,06-08-2010,15.30.00,No,Collision with vehicle,Friday,REAR END(VEHICLES IN SAME LANE),No,Day,Yes,Not at intersection,Other injury accident,60,No,236017,144.91981,-37.68527,Non-Intersection,HUME,METROPOLITAN NORTH WEST REGION,2492927.38,2423953.205,5,2,0,0,2,3,1,4,0,2,3,0,0,0,0,0,0,0,0,1,No,0,3,0,3,0,0,Metropolitan Excluding CBD,Metropolitan Excluding CBD,HUME,METROPOLITAN NORTH WEST REGION,,,Arterial Other,Arterial Other,Undivided,Undivided,Metro
-38.20298735,146.4469906,1209,T20100031436,ABS to receive accident,Finished,06-08-2010,22.25.00,Yes,Collision with a fixed object,Friday,RIGHT OFF CARRIAGEWAY INTO OBJECT/PARKED VEHICLE,No,Dark Street lights on,Yes,Cross intersection,Other injury accident,100,Yes,234393,146.44699,-38.20299,Intersection,LATROBE,EASTERN REGION,2626745.392,2365528.93,4,3,0,0,3,1,1,3,0,3,1,0,0,0,0,0,0,0,0,0,No,0,1,0,1,0,0,Country,Country,LATROBE,"EASTERN REGION,EASTERN REGION",C,C,Arterial Other,"Arterial Other,Local Road",Undivided,Undivided,Country