Latitude,Longitude,OBJECTID,ACCIDENT_NO,ABS_CODE,ACCIDENT_STATUS,ACCIDENT_DATE,ACCIDENT_TIME,ALCOHOLTIME,ACCIDENT_TYPE,DAY_OF_WEEK,DCA_CODE,HIT_RUN_FLAG,LIGHT_CONDITION,POLICE_ATTEND,ROAD_GEOMETRY,SEVERITY,SPEED_ZONE,RUN_OFFROAD,NODE_ID,LONGITUDE,LATITUDE,NODE_TYPE,LGA_NAME,REGION_NAME,VICGRID_X,VICGRID_Y,TOTAL_PERSONS,INJ_OR_FATAL,FATALITY,SERIOUSINJURY,OTHERINJURY,NONINJURED,MALES,FEMALES,BICYCLIST,PASSENGER,DRIVER,PEDESTRIAN,PILLION,MOTORIST,UNKNOWN,PED_CYCLIST_5_12,PED_CYCLIST_13_18,OLD_PEDESTRIAN,OLD_DRIVER,YOUNG_DRIVER,ALCOHOL_RELATED,UNLICENCSED,NO_OF_VEHICLES,HEAVYVEHICLE,PASSENGERVEHICLE,MOTORCYCLE,PUBLICVEHICLE,DEG_URBAN_NAME,DEG_URBAN_ALL,LGA_NAME_ALL,REGION_NAME_ALL,SRNS,SRNS_ALL,RMA,RMA_ALL,DIVIDED,DIVIDED_ALL,STAT_DIV_NAME
-37.73439482,145.013685,1251,T20100031611,ABS to receive accident,Finished,08-08-2010,13.27.00,No,Collision with vehicle,Sunday,CROSS TRAFFIC(INTERSECTIONS ONLY),No,Day,Yes,Cross intersection,Other injury accident,60,No,44398,145.01368,-37.73439,Intersection,DAREBIN,METROPOLITAN NORTH WEST REGION,2501206.223,2418503.595,4,2,0,0,2,2,2,2,0,2,2,0,0,0,0,0,0,0,0,0,No,0,2,0,2,0,0,Metropolitan Excluding CBD,Metropolitan Excluding CBD,DAREBIN,METROPOLITAN NORTH WEST REGION,,,Arterial Other,"Arterial Other,Local Road",Undivided,Undivided,Metro
-38.27163984,145.0062797,1252,T20100031613,ABS to receive accident,Finished,08-08-2010,13.40.00,No,Struck Pedestrian,Sunday,PED NEAR SIDE. PED HIT BY VEHICLE FROM THE RIGHT.,No,Day,Yes,T intersection,Other injury accident,60,No,44010,145.00628,-38.27164,Intersection,MORNINGTON PENINSULA,METROPOLITAN SOUTH EAST REGION,2500549.573,2358871.052,2,1,0,0,1,1,0,2,0,0,1,1,0,0,0,0,0,0,0,0,No,0,1,0,1,0,0,Metropolitan Excluding CBD,Metropolitan Excluding CBD,MORNINGTON PENINSULA,METROPOLITAN SOUTH EAST REGION,C,C,Arterial Other,"Arterial Other,Local Road",Undivided,Undivided,Metro
-37.707762,145.0516802,1253,T20100031615,ABS to receive accident,Finished,08-08-2010,11.30.00,No,Collision with vehicle,Sunday,ACCIDENT OR BROKEN DOWN,No,Day,Yes,Not at intersection,Other injury accident,70,No,237252,145.05168,-37.70776,Non-Intersection,DAREBIN,METROPOLITAN NORTH WEST REGION,2504556.806,2421458.238,5,1,0,0,1,4,5,0,0,2,3,0,0,0,0,0,0,0,0,1,No,0,3,0,3,0,0,Metropolitan Excluding CBD,Metropolitan Excluding CBD,DAREBIN,METROPOLITAN NORTH WEST REGION,,,Arterial Highway,Arterial Highway,Undivided,Undivided,Metro
-37.72768522,144.8205572,1254,T20100031617,ABS to receive accident,Finished,07-08-2010,14.50.00,Yes,Collision with vehicle,Saturday,RIGHT THROUGH,No,Day,Yes,Cross intersection,Other injury accident,70,No,528,144.82056,-37.72769,Intersection,BRIMBANK,METROPOLITAN NORTH WEST REGION,2484182.136,2419233.429,3,1,0,0,1,2,0,3,0,1,2,0,0,0,0,0,0,0,0,1,No,0,2,0,2,0,0,Metropolitan Excluding CBD,Metropolitan Excluding CBD,BRIMBANK,METROPOLITAN NORTH WEST REGION,,,Arterial Other,"Arterial Other,Local Road",Undivided,Undivided,Metro
-37.90926875,145.5885568,1255,T20100031619,ABS to receive accident,Finished,08-08-2010,13.00.00,No,No collision and no object struck,Sunday,OFF CARRIAGEWAY ON RIGHT BEND,No,Day,Yes,Not at intersection,Other injury accident,100,Yes,235382,145.58856,-37.90927,Non-Intersection,CARDINIA,METROPOLITAN SOUTH EAST REGION,2551756.318,2398934.844,1,1,0,0,1,0,0,1,0,0,0,0,0,1,0,0,0,0,0,0,No,0,1,0,0,1,0,Country,Country,CARDINIA,METROPOLITAN SOUTH EAST REGION,C,C,Arterial Other,Arterial Other,Undivided,Undivided,Metro
-37.67327121,144.5725434,1256,T20100031620,ABS to receive accident,Finished,08-08-2010,12.45.00,No,Collision with vehicle,Sunday,RIGHT REAR.,No,Day,Yes,T intersection,Other injury accident,60,No,37084,144.57254,-37.67327,Intersection,MELTON,METROPOLITAN NORTH WEST REGION,2462292.738,2425202.669,2,1,0,0,1,1,1,1,0,0,2,0,0,0,0,0,0,0,0,1,No,0,2,0,2,0,0,Small Provincial Cities,Small Provincial Cities,MELTON,METROPOLITAN NORTH WEST REGION,,,Local Road,Local Road,Undivided,Undivided,Metro
-37.5987895,143.8401146,1257,T20100031622,ABS to receive accident,Finished,08-08-2010,13.00.00,No,Collision with vehicle,Sunday,RIGHT REAR.,No,Day,No,Not at intersection,Other injury accident,50,No,235739,143.84011,-37.59879,Non-Intersection,BALLARAT,WESTERN REGION,2397584.415,2432929.365,2,1,0,0,1,1,1,1,0,0,2,0,0,0,0,0,0,0,0,0,No,0,2,0,2,0,0,Large Provincial Cities,Large Provincial Cities,BALLARAT,WESTERN REGION,,,Local Road,Local Road,Undivided,Undivided,Country
-37.91956865,145.0059342,1258,T20100031623,ABS to receive accident,Finished,08-08-2010,03.45.00,Yes,Collision with a fixed object,Sunday,RIGHT OFF CARRIAGEWAY INTO OBJECT/PARKED VEHICLE,No,Dark Street lights on,Yes,Cross intersection,Serious injury accident,50,Yes,238816,145.00593,-37.91957,Intersection,BAYSIDE,METROPOLITAN SOUTH EAST REGION,2500521.776,2397951.608,3,3,0,2,1,0,1,2,0,2,1,0,0,0,0,0,0,0,0,1,Yes,0,1,0,1,0,0,Metropolitan Excluding CBD,Metropolitan Excluding CBD,BAYSIDE,METROPOLITAN SOUTH EAST REGION,,,Arterial Other,"Arterial Other,Local Road",Undivided,Undivided,Metro
-37.81685669,145.2272608,1259,T20100031629,ABS to receive accident,Finished,08-08-2010,15.00.00,No,Collision with vehicle,Sunday,RIGHT THROUGH,No,Day,Yes,Cross intersection,Other injury accident,60,No,39625,145.22726,-37.81686,Intersection,MAROONDAH,METROPOLITAN SOUTH EAST REGION,2520009.386,2409327.725,4,1,0,0,1,3,1,1,0,2,2,0,0,0,0,0,0,0,0,0,No,1,2,0,2,0,0,Metropolitan Excluding CBD,Metropolitan Excluding CBD,MAROONDAH,METROPOLITAN SOUTH EAST REGION,,,Arterial Other,"Arterial Other,Local Road",Undivided,Undivided,Metro
-37.66451984,144.928544,1260,T20100031643,ABS to receive accident,Finished,07-08-2010,19.10.00,Yes,Collision with vehicle,Saturday,RIGHT REAR.,No,Day,No,T intersection,Other injury accident,60,No,44671,144.92854,-37.66452,Intersection,HUME,METROPOLITAN NORTH WEST REGION,2493695.899,2426256.193,5,1,0,0,1,4,2,2,0,2,2,0,0,0,1,0,0,0,0,1,No,0,3,0,2,0,0,Metropolitan Excluding CBD,Metropolitan Excluding CBD,HUME,METROPOLITAN NORTH WEST REGION,,,Arterial Other,"Arterial Other,Local Road",Undivided,Undivided,Metro
-37.82549417,144.8831765,1261,T20100031645,ABS to receive accident,Finished,08-08-2010,15.15.00,No,Collision with vehicle,Sunday,REAR END(VEHICLES IN SAME LANE),No,Day,Yes,Not at intersection,Serious injury accident,80,No,235654,144.88318,-37.82549,Non-Intersection,HOBSONS BAY,METROPOLITAN NORTH WEST REGION,2489715.341,2408386.645,9,1,0,1,0,8,4,5,0,5,4,0,0,0,0,0,0,0,0,1,No,0,4,0,4,0,0,Metropolitan Excluding CBD,Metropolitan Excluding CBD,HOBSONS BAY,METROPOLITAN NORTH WEST REGION,M,M,Freeway,Freeway,Undivided,Undivided,Metro
-38.38001719,141.6064246,1262,T20100031649,ABS to receive accident,Finished,08-08-2010,15.22.00,No,collision with some other object,Sunday,OFF LEFT BEND INTO OBJECT/PARKED VEHICLE,No,Day,Yes,Not at intersection,Serious injury accident,100,Yes,237429,141.60642,-38.38002,Non-Intersection,GLENELG,SOUTH WESTERN REGION,2203500.472,2341554.317,2,2,0,2,0,0,2,0,0,1,1,0,0,0,0,0,0,0,0,0,No,0,1,0,1,0,0,Other Towns,Other Towns,GLENELG,SOUTH WESTERN REGION,C,C,Arterial Other,Arterial Other,Undivided,Undivided,Country
-37.7585545,145.0586157,1263,T20100031651,ABS to receive accident,Finished,08-08-2010,15.15.00,No,Collision with vehicle,Sunday,OFF END OF ROAD/T-INTERSECTION.,No,Day,Yes,T intersection,Serious injury accident,50,No,46014,145.05862,-37.75855,Intersection,BANYULE,METROPOLITAN NORTH WEST REGION,2505164.863,2415820.749,2,2,0,2,0,0,1,1,0,1,1,0,0,0,0,0,0,0,1,0,No,0,6,0,6,0,0,Metropolitan Excluding CBD,Metropolitan Excluding CBD,BANYULE,METROPOLITAN NORTH WEST REGION,,,Local Road,Local Road,Undivided,Undivided,Metro
-36.80358213,144.2421182,1264,T20100031655,ABS to receive accident,Finished,08-08-2010,18.00.00,Yes,No collision and no object struck,Sunday,OUT OF CONTROL ON CARRIAGEWAY (ON STRAIGHT),No,Dark Street lights on,Yes,Not at intersection,Other injury accident,70,No,235336,144.24212,-36.80358,Non-Intersection,BENDIGO,NORTHERN REGION,2432377.112,2521525.197,1,1,0,0,1,0,1,0,0,0,0,0,0,1,0,0,0,0,0,0,No,0,1,0,0,1,0,Large Provincial Cities,Large Provincial Cities,BENDIGO,NORTHERN REGION,A,A,Arterial Highway,Arterial Highway,Undivided,Undivided,Country
-37.7581003,144.9746268,1265,T20100031666,ABS to receive accident,Finished,08-08-2010,19.30.00,Yes,Struck Pedestrian,Sunday,FAR SIDE. PED HIT BY VEHICLE FROM THE LEFT,No,Dark Street lights on,Yes,Not at intersection,Serious injury accident,60,No,235250,144.97463,-37.7581,Non-Intersection,MORELAND,METROPOLITAN NORTH WEST REGION,2497764.257,2415872.45,3,1,0,1,0,2,2,1,0,1,1,1,0,0,0,0,0,0,0,0,Yes,0,1,0,1,0,0,Metropolitan Excluding CBD,Metropolitan Excluding CBD,MORELAND,METROPOLITAN NORTH WEST REGION,,,Arterial Other,Arterial Other,Undivided,Undivided,Metro
-37.73600808,144.9490526,1266,T20100031669,ABS to receive accident,Finished,04-08-2010,22.00.00,Yes,Collision with vehicle,Wednesday,RIGHT THROUGH,No,Dark Street lights on,No,Cross intersection,Other injury accident,50,No,777,144.94905,-37.73601,Intersection,MORELAND,METROPOLITAN NORTH WEST REGION,2495509.485,2418323.434,2,1,0,0,1,1,2,0,0,0,2,0,0,0,0,0,0,0,0,1,No,0,2,0,2,0,0,Metropolitan Excluding CBD,Metropolitan Excluding CBD,MORELAND,METROPOLITAN NORTH WEST REGION,,,Local Road,Local Road,Undivided,Undivided,Metro
-37.73800383,144.9358084,1267,T20100031676,ABS to receive accident,Finished,08-08-2010,19.30.00,Yes,Collision with vehicle,Sunday,RIGHT THROUGH,No,Dark Street lights on,Yes,T intersection,Other injury accident,60,No,41742,144.93581,-37.738,Intersection,MORELAND,METROPOLITAN NORTH WEST REGION,2494342.291,2418101.232,2,2,0,0,2,0,1,1,0,0,2,0,0,0,0,0,0,0,0,1,No,0,2,0,2,0,0,Metropolitan Excluding CBD,Metropolitan Excluding CBD,MORELAND,METROPOLITAN NORTH WEST REGION,,,Arterial Highway,"Arterial Highway,Local Road",Undivided,Undivided,Metro
-38.15071213,145.1951168,1268,T20100031684,ABS to receive accident,Finished,08-08-2010,20.00.00,Yes,Collision with vehicle,Sunday,RIGHT THROUGH,No,Dark Street lights on,Yes,Cross intersection,Serious injury accident,80,No,35641,145.19512,-38.15071,Intersection,FRANKSTON,METROPOLITAN SOUTH EAST REGION,2517103.293,2372277.535,4,4,0,2,2,0,2,2,0,2,2,0,0,0,0,0,0,0,0,2,No,0,2,0,2,0,0,Metropolitan Excluding CBD,Metropolitan Excluding CBD,FRANKSTON,METROPOLITAN SOUTH EAST REGION,,,Arterial Other,"Arterial Other,Local Road",Undivided,Undivided,Metro
-37.850078,144.8450485,1269,T20100031687,ABS to receive accident,Finished,08-08-2010,06.00.00,Yes,Collision with a fixed object,Sunday,LEFT OFF CARRIAGEWAY INTO OBJECT/PARKED VEHICLE,No,Dusk/Dawn,Yes,Cross intersection,Serious injury accident,60,Yes,39932,144.84505,-37.85008,Intersection,HOBSONS BAY,METROPOLITAN NORTH WEST REGION,2486363.153,2405653.338,1,1,0,1,0,0,1,0,0,0,1,0,0,0,0,0,0,0,0,0,Yes,1,1,0,1,0,0,Metropolitan Excluding CBD,Metropolitan Excluding CBD,HOBSONS BAY,METROPOLITAN NORTH WEST REGION,,,Arterial Other,Arterial Other,Undivided,Undivided,Metro
-37.83051497,144.9844251,1270,T20100031689,ABS to receive accident,Finished,16-07-2010,17.50.00,Yes,Collision with vehicle,Friday,RIGHT REAR.,Yes,Dusk/Dawn,No,T intersection,Other injury accident,60,No,37022,144.98443,-37.83051,Intersection,MELBOURNE,METROPOLITAN NORTH WEST REGION,2498628.94,2407835.595,2,1,0,0,1,1,1,0,0,0,1,0,0,1,0,0,0,0,0,0,No,0,2,0,1,1,0,Metropolitan Excluding CBD,Metropolitan Excluding CBD,MELBOURNE,METROPOLITAN NORTH WEST REGION,,,Local Road,Local Road,Undivided,Undivided,Metro
-37.8465261,144.845662,1271,T20100031693,ABS to receive accident,Finished,12-07-2010,18.30.00,Yes,Collision with vehicle,Monday,REAR END(VEHICLES IN SAME LANE),No,Dark Street lights unknown,No,Not at intersection,Serious injury accident,60,No,235740,144.84566,-37.84653,Non-Intersection,HOBSONS BAY,METROPOLITAN NORTH WEST REGION,2486416.504,2406047.647,2,1,0,1,0,1,2,0,0,0,1,0,0,1,0,0,0,0,0,0,No,1,2,0,1,1,0,Metropolitan Excluding CBD,Metropolitan Excluding CBD,HOBSONS BAY,METROPOLITAN NORTH WEST REGION,,,Arterial Other,Arterial Other,Undivided,Undivided,Metro
-38.33133044,145.0084669,1272,T20100031699,ABS to receive accident,Finished,02-08-2010,20.30.00,Yes,Collision with a fixed object,Monday,OFF LEFT BEND INTO OBJECT/PARKED VEHICLE,No,Dark No street lights,No,T intersection,Other injury accident,100,Yes,45694,145.00847,-38.33133,Intersection,MORNINGTON PENINSULA,METROPOLITAN SOUTH EAST REGION,2500740.395,2352244.548,2,1,0,0,1,1,1,1,0,1,1,0,0,0,0,0,0,0,0,1,No,0,1,0,1,0,0,Country,Country,MORNINGTON PENINSULA,METROPOLITAN SOUTH EAST REGION,B,"B,C",Arterial Other,Arterial Other,Undivided,Undivided,Metro
-37.88169302,144.977771,1273,T20100031707,ABS to receive accident,Finished,07-08-2010,11.00.00,No,Collision with vehicle,Saturday,RIGHT TURN SIDESWIPE,No,Day,No,Multiple intersection,Other injury accident,60,No,41083,144.97777,-37.88169,Non-Intersection,PORT PHILLIP,METROPOLITAN NORTH WEST REGION,2498044.505,2402155.266,3,1,0,0,1,2,1,2,1,1,1,0,0,0,0,0,0,0,0,0,No,0,2,0,1,0,0,Metropolitan Excluding CBD,Metropolitan Excluding CBD,PORT PHILLIP,METROPOLITAN NORTH WEST REGION,,,Arterial Other,Arterial Other,Undivided,Undivided,Metro
-38.05486424,145.3012214,1274,T20100031709,ABS to receive accident,Finished,08-08-2010,10.05.00,No,Collision with vehicle,Sunday,RIGHT THROUGH,No,Day,Yes,T intersection,Other injury accident,80,No,47700,145.30122,-38.05486,Intersection,CASEY,METROPOLITAN SOUTH EAST REGION,2526437.707,2382892.552,2,1,0,0,1,1,2,0,0,0,2,0,0,0,0,0,0,0,0,0,No,0,2,0,2,0,0,Metropolitan Excluding CBD,Metropolitan Excluding CBD,CASEY,METROPOLITAN SOUTH EAST REGION,C,C,Arterial Other,"Arterial Other,Local Road",Undivided,Undivided,Metro
-37.97624675,145.2099144,1275,T20100031711,ABS to receive accident,Finished,09-08-2010,07.31.00,No,Collision with vehicle,Monday,CROSS TRAFFIC(INTERSECTIONS ONLY),No,Day,Yes,Cross intersection,Other injury accident,50,No,43024,145.20991,-37.97625,Intersection,DANDENONG,METROPOLITAN SOUTH EAST REGION,2518443.1,2391640.375,2,1,0,0,1,1,2,0,1,0,1,0,0,0,0,0,0,0,1,0,No,0,2,0,1,0,0,Metropolitan Excluding CBD,Metropolitan Excluding CBD,DANDENONG,METROPOLITAN SOUTH EAST REGION,,,Local Road,Local Road,Undivided,Undivided,Metro
-36.88563162,143.8581524,1276,T20100031716,ABS to receive accident,Finished,08-08-2010,05.15.00,Yes,No collision and no object struck,Sunday,OFF CARRIAGEWAY TO LEFT,No,Dark No street lights,Yes,Not at intersection,Other injury accident,Not known,Yes,235337,143.85815,-36.88563,Non-Intersection,CENTRAL GOLDFIELDS,WESTERN REGION,2398227.879,2512079.95,1,1,0,0,1,0,1,0,0,0,1,0,0,0,0,0,0,0,0,0,No,0,1,0,0,0,0,Country,Country,"LODDON,CENTRAL GOLDFIELDS","NORTHERN REGION,WESTERN REGION",C,C,Arterial Other,Arterial Other,Undivided,Undivided,Country
-38.1854091,145.5448003,1277,T20100031721,ABS to receive accident,Finished,07-08-2010,21.43.00,Yes,Collision with vehicle,Saturday,HEAD ON (NOT OVERTAKING),No,Dark No street lights,Yes,Not at intersection,Other injury accident,80,No,235551,145.5448,-38.18541,Non-Intersection,CARDINIA,METROPOLITAN SOUTH EAST REGION,2547733.118,2368306.915,2,1,0,0,1,1,1,1,0,0,2,0,0,0,0,0,0,0,0,0,No,0,2,0,2,0,0,Country,Country,CARDINIA,METROPOLITAN SOUTH EAST REGION,C,C,Arterial Other,Arterial Other,Undivided,Undivided,Metro
-37.87942732,144.7012787,1278,T20100031729,ABS to receive accident,Finished,09-08-2010,08.50.00,No,Collision with vehicle,Monday,RIGHT THROUGH,No,Day,Yes,Cross intersection,Other injury accident,60,No,44382,144.70128,-37.87943,Intersection,WYNDHAM,METROPOLITAN NORTH WEST REGION,2473720.624,2402365.735,3,2,0,0,2,1,1,2,0,1,2,0,0,0,0,0,0,0,0,0,No,0,2,0,2,0,0,Metropolitan Excluding CBD,Metropolitan Excluding CBD,WYNDHAM,METROPOLITAN NORTH WEST REGION,C,C,Arterial Other,"Arterial Other,Local Road",Undivided,Undivided,Metro
-37.82338897,144.967386,1279,T20100031730,ABS to receive accident,Finished,09-08-2010,10.30.00,No,Struck Pedestrian,Monday,ANY MANOEUVRE INVOLVING PED NOT INCLUDED IN DCAs 100-108.,No,Day,Yes,Cross intersection,Serious injury accident,50,No,239729,144.96739,-37.82339,Intersection,MELBOURNE,METROPOLITAN NORTH WEST REGION,2497128.717,2408626.115,2,1,0,1,0,1,2,0,0,0,1,1,0,0,0,0,0,0,0,0,No,0,1,0,0,0,1,Metropolitan Excluding CBD,Metropolitan Excluding CBD,MELBOURNE,METROPOLITAN NORTH WEST REGION,,,Arterial Other,"Arterial Other,Local Road",Undivided,Undivided,Metro
-37.87374085,144.3818347,1280,T20100031731,ABS to receive accident,Finished,09-08-2010,09.50.00,No,Collision with vehicle,Monday,CROSS TRAFFIC(INTERSECTIONS ONLY),No,Day,Yes,Cross intersection,Serious injury accident,100,No,49594,144.38183,-37.87374,Intersection,GEELONG,SOUTH WESTERN REGION,2445614.41,2402861.535,3,2,0,1,1,1,2,1,0,1,2,0,0,0,0,0,0,0,0,0,No,0,2,0,2,0,0,Country,Country,GEELONG,SOUTH WESTERN REGION,C,C,Arterial Other,"Arterial Other,Local Road",Undivided,Undivided,Country
-37.82007938,145.0135105,1281,T20100031737,ABS to receive accident,Finished,09-08-2010,10.50.00,No,Collision with vehicle,Monday,REAR END(VEHICLES IN SAME LANE),No,Day,Yes,Not at intersection,Other injury accident,40,No,79151,145.01351,-37.82008,Non-Intersection,YARRA,METROPOLITAN NORTH WEST REGION,2501189.494,2408993.846,3,1,0,0,1,2,1,2,0,1,2,0,0,0,0,0,0,0,0,0,No,0,2,0,2,0,0,Metropolitan Excluding CBD,Metropolitan Excluding CBD,YARRA,METROPOLITAN NORTH WEST REGION,,,Arterial Other,Arterial Other,Undivided,Undivided,Metro
-38.38859222,142.5003613,1282,T20100031741,ABS to receive accident,Finished,09-08-2010,11.30.00,No,Collision with vehicle,Monday,RIGHT NEAR (INTERSECTIONS ONLY),No,Day,Yes,Cross intersection,Other injury accident,60,No,235553,142.50036,-38.38859,Intersection,WARRNAMBOOL,SOUTH WESTERN REGION,2281608.302,2343020.223,3,1,0,0,1,2,2,1,0,1,2,0,0,0,0,0,0,0,0,1,No,0,2,0,2,0,0,Small Provincial Cities,Small Provincial Cities,WARRNAMBOOL,SOUTH WESTERN REGION,,,Local Road,Local Road,Undivided,Undivided,Country
-37.88927096,145.0409054,1283,T20100031744,ABS to receive accident,Finished,17-07-2010,09.30.00,No,Collision with a fixed object,Saturday,REVERSING INTO FIXED OBJECT/PARKED VEHICLE,No,Day,No,Not at intersection,Other injury accident,60,No,235339,145.04091,-37.88927,Non-Intersection,GLEN EIRA,METROPOLITAN SOUTH EAST REGION,2503598.104,2401313.64,1,1,0,0,1,0,1,0,0,0,1,0,0,0,0,0,0,0,0,0,No,0,1,1,0,0,0,Metropolitan Excluding CBD,Metropolitan Excluding CBD,GLEN EIRA,METROPOLITAN SOUTH EAST REGION,,,Local Road,Local Road,Undivided,Undivided,Metro
-37.79080918,144.9856746,1284,T20100031764,ABS to receive accident,Finished,09-08-2010,10.40.00,No,Collision with vehicle,Monday,LEFT TURN SIDESWIPE,No,Day,Yes,T intersection,Other injury accident,80,No,36579,144.98567,-37.79081,Intersection,YARRA,METROPOLITAN NORTH WEST REGION,2498738.27,2412242.443,2,1,0,0,1,1,1,1,1,0,1,0,0,0,0,0,0,0,0,0,No,0,2,0,1,0,0,Metropolitan Excluding CBD,Metropolitan Excluding CBD,YARRA,METROPOLITAN NORTH WEST REGION,,,Arterial Other,"Arterial Other,Local Road",Undivided,Undivided,Metro
-38.51910037,146.4596495,1285,T20100031771,ABS to receive accident,Finished,09-08-2010,15.05.00,No,Collision with a fixed object,Monday,LEFT OFF CARRIAGEWAY INTO OBJECT/PARKED VEHICLE,No,Day,Yes,Not at intersection,Other injury accident,100,Yes,235741,146.45965,-38.5191,Non-Intersection,WELLINGTON,EASTERN REGION,2627316.069,2330421.923,1,1,0,0,1,0,1,0,0,0,0,0,0,1,0,0,0,0,0,0,No,1,1,0,0,1,0,Country,Country,WELLINGTON,"EASTERN REGION,EASTERN REGION",,,Local Road,Local Road,Undivided,Undivided,Country
-36.7898009,144.3036035,1286,T20100031777,ABS to receive accident,Finished,09-08-2010,16.20.00,No,Collision with a fixed object,Monday,OFF LEFT BEND INTO OBJECT/PARKED VEHICLE,No,Day,Yes,Not at intersection,Serious injury accident,60,Yes,235990,144.3036,-36.7898,Non-Intersection,BENDIGO,NORTHERN REGION,2437851.925,2523096.193,1,1,0,1,0,0,0,1,0,0,0,0,0,1,0,0,0,0,0,0,No,0,1,0,0,1,0,Country,Country,BENDIGO,NORTHERN REGION,,,Local Road,Local Road,Undivided,Undivided,Country
-38.187022,144.4554868,1287,T20100031778,ABS to receive accident,Finished,09-08-2010,15.15.00,No,Collision with vehicle,Monday,RIGHT THROUGH,No,Day,Yes,Cross intersection,Other injury accident,70,No,50218,144.45549,-38.18702,Intersection,GEELONG,SOUTH WESTERN REGION,2452293.062,2368128.018,2,1,0,0,1,1,0,2,0,0,2,0,0,0,0,0,0,0,0,1,No,0,2,0,2,0,0,Other Towns,Other Towns,GEELONG,SOUTH WESTERN REGION,B,B,Arterial Highway,"Arterial Highway,Local Road",Undivided,Undivided,Country
-36.79477758,145.5697632,1288,T20100031781,ABS to receive accident,Finished,09-08-2010,16.10.00,No,Collision with a fixed object,Monday,LEFT OFF CARRIAGEWAY INTO OBJECT/PARKED VEHICLE,No,Day,Yes,Not at intersection,Other injury accident,100,Yes,237411,145.56976,-36.79478,Non-Intersection,STRATHBOGIE,NORTH EASTERN REGION,2550843.863,2522619.154,1,1,0,0,1,0,1,0,0,0,1,0,0,0,0,0,0,0,0,0,No,0,1,0,1,0,0,Country,Country,STRATHBOGIE,NORTH EASTERN REGION,C,C,Arterial Other,Arterial Other,Undivided,Undivided,Country
-37.93735608,145.0683233,1289,T20100031783,ABS to receive accident,Finished,09-08-2010,15.45.00,No,Collision with vehicle,Monday,REAR END(VEHICLES IN SAME LANE),No,Day,Yes,Not at intersection,Other injury accident,70,No,235742,145.06832,-37.93736,Non-Intersection,GLEN EIRA,METROPOLITAN SOUTH EAST REGION,2506005.993,2395975.193,2,1,0,0,1,1,1,1,0,0,2,0,0,0,0,0,0,0,0,0,No,0,2,0,2,0,0,Metropolitan Excluding CBD,Metropolitan Excluding CBD,"KINGSTON,GLEN EIRA",METROPOLITAN SOUTH EAST REGION,,,Arterial Other,Arterial Other,Undivided,Undivided,Metro
-37.03068344,145.1443218,1290,T20100031784,ABS to receive accident,Finished,09-08-2010,16.05.00,No,Collision with vehicle,Monday,OTHER ADJACENT (INTERSECTIONS ONLY),Yes,Day,Yes,T intersection,Other injury accident,50,No,59995,145.14432,-37.03068,Intersection,MITCHELL,NORTHERN REGION,2512839.206,2496585.599,2,1,0,0,1,1,2,0,1,0,1,0,0,0,0,1,0,0,0,1,No,0,2,0,1,0,0,Other Towns,Other Towns,MITCHELL,NORTHERN REGION,,,Local Road,Local Road,Undivided,Undivided,Country
-37.67660599,145.0305171,1291,T20100031787,ABS to receive accident,Finished,09-08-2010,14.15.00,No,Collision with vehicle,Monday,REAR END(VEHICLES IN SAME LANE),No,Day,No,Cross intersection,Other injury accident,70,No,38265,145.03052,-37.67661,Intersection,WHITTLESEA,METROPOLITAN NORTH WEST REGION,2502691.9,2424916.795,3,1,0,0,1,2,2,1,0,1,2,0,0,0,0,0,0,0,0,2,No,0,2,0,2,0,0,Metropolitan Excluding CBD,Metropolitan Excluding CBD,WHITTLESEA,METROPOLITAN NORTH WEST REGION,,,Arterial Other,"Arterial Other,Local Road",Undivided,Undivided,Metro
-38.02889503,145.3470745,1292,T20100031791,ABS to receive accident,Finished,09-08-2010,16.25.00,No,Collision with vehicle,Monday,REAR END(VEHICLES IN SAME LANE),No,Day,Yes,T intersection,Other injury accident,50,No,43649,145.34707,-38.0289,Intersection,CASEY,METROPOLITAN SOUTH EAST REGION,2530472.643,2385761.379,2,1,0,0,1,1,1,1,0,0,2,0,0,0,0,0,0,0,0,0,No,0,2,0,2,0,0,Metropolitan Excluding CBD,Metropolitan Excluding CBD,CASEY,METROPOLITAN SOUTH EAST REGION,,,Local Road,Local Road,Undivided,Undivided,Metro