Latitude,Longitude,OBJECTID,ACCIDENT_NO,ABS_CODE,ACCIDENT_STATUS,ACCIDENT_DATE,ACCIDENT_TIME,ALCOHOLTIME,ACCIDENT_TYPE,DAY_OF_WEEK,DCA_CODE,HIT_RUN_FLAG,LIGHT_CONDITION,POLICE_ATTEND,ROAD_GEOMETRY,SEVERITY,SPEED_ZONE,RUN_OFFROAD,NODE_ID,LONGITUDE,LATITUDE,NODE_TYPE,LGA_NAME,REGION_NAME,VICGRID_X,VICGRID_Y,TOTAL_PERSONS,INJ_OR_FATAL,FATALITY,SERIOUSINJURY,OTHERINJURY,NONINJURED,MALES,FEMALES,BICYCLIST,PASSENGER,DRIVER,PEDESTRIAN,PILLION,MOTORIST,UNKNOWN,PED_CYCLIST_5_12,PED_CYCLIST_13_18,OLD_PEDESTRIAN,OLD_DRIVER,YOUNG_DRIVER,ALCOHOL_RELATED,UNLICENCSED,NO_OF_VEHICLES,HEAVYVEHICLE,PASSENGERVEHICLE,MOTORCYCLE,PUBLICVEHICLE,DEG_URBAN_NAME,DEG_URBAN_ALL,LGA_NAME_ALL,REGION_NAME_ALL,SRNS,SRNS_ALL,RMA,RMA_ALL,DIVIDED,DIVIDED_ALL,STAT_DIV_NAME
-37.81804921,144.9620923,1335,T20100031965,ABS to receive accident,Finished,06-07-2010,06.45.00,No,Collision with vehicle,Tuesday,ENTERING PARKING,No,Dark Street lights on,No,Not at intersection,Other injury accident,60,No,235387,144.96209,-37.81805,Non-Intersection,MELBOURNE,METROPOLITAN NORTH WEST REGION,2496662.429,2409218.589,2,1,0,0,1,1,2,0,0,0,1,0,0,1,0,0,0,0,0,0,No,0,2,0,0,1,0,Metropolitan CBD Only,Metropolitan CBD Only,MELBOURNE,METROPOLITAN NORTH WEST REGION,,,Local Road,Local Road,Undivided,Undivided,Metro
-37.7876144,145.1107415,1336,T20100031968,ABS to receive accident,Finished,10-08-2010,16.30.00,No,Collision with vehicle,Tuesday,LEFT TURN SIDESWIPE,No,Day,Yes,T intersection,Other injury accident,70,No,64715,145.11074,-37.78761,Intersection,MANNINGHAM,METROPOLITAN SOUTH EAST REGION,2509754.12,2412591.441,2,1,0,0,1,1,2,0,1,0,1,0,0,0,0,0,0,0,0,1,No,0,2,0,1,0,0,Metropolitan Excluding CBD,Metropolitan Excluding CBD,MANNINGHAM,METROPOLITAN SOUTH EAST REGION,,,Arterial Other,"Arterial Other,Local Road",Undivided,Undivided,Metro
-37.81845924,145.1759988,1337,T20100031970,ABS to receive accident,Finished,10-08-2010,17.05.00,No,Struck Pedestrian,Tuesday,FAR SIDE. PED HIT BY VEHICLE FROM THE LEFT,No,Dark Street lights on,Yes,Cross intersection,Other injury accident,70,No,504,145.176,-37.81846,Intersection,WHITEHORSE,METROPOLITAN SOUTH EAST REGION,2515495.648,2409159.422,2,1,0,0,1,1,1,1,0,0,1,1,0,0,0,0,1,0,0,0,No,1,1,0,1,0,0,Metropolitan Excluding CBD,Metropolitan Excluding CBD,WHITEHORSE,METROPOLITAN SOUTH EAST REGION,,,Arterial Highway,Arterial Highway,Undivided,Undivided,Metro
-37.93132159,145.1220111,1338,T20100031973,ABS to receive accident,Finished,10-08-2010,16.32.00,No,Collision with vehicle,Tuesday,LEFT TURN SIDESWIPE,No,Day,Yes,Not at intersection,Other injury accident,50,No,235593,145.12201,-37.93132,Non-Intersection,KINGSTON,METROPOLITAN SOUTH EAST REGION,2510726.298,2396640.261,2,1,0,0,1,1,1,0,0,0,1,0,0,1,0,0,0,0,0,0,No,0,2,0,1,1,0,Metropolitan Excluding CBD,Metropolitan Excluding CBD,KINGSTON,METROPOLITAN SOUTH EAST REGION,,,Local Road,Local Road,Undivided,Undivided,Metro
-36.39682085,145.3428352,1339,T20100031980,ABS to receive accident,Finished,10-08-2010,18.05.00,Yes,Collision with vehicle,Tuesday,HEAD ON (NOT OVERTAKING),No,Dark Street lights on,Yes,Not at intersection,Serious injury accident,70,No,235762,145.34284,-36.39682,Non-Intersection,SHEPPARTON,NORTH EASTERN REGION,2530752.655,2566871.715,4,4,0,4,0,0,2,2,0,1,3,0,0,0,0,0,0,0,0,1,No,0,3,0,3,0,0,Small Provincial Cities,Small Provincial Cities,SHEPPARTON,NORTH EASTERN REGION,A,A,Arterial Highway,Arterial Highway,Undivided,Undivided,Country
-37.97146288,145.1374289,1340,T20100031981,ABS to receive accident,Finished,10-08-2010,18.10.00,Yes,Collision with vehicle,Tuesday,REAR END(VEHICLES IN SAME LANE),No,Dark Street lights unknown,Yes,Not at intersection,Other injury accident,100,No,235371,145.13743,-37.97146,Non-Intersection,DANDENONG,METROPOLITAN SOUTH EAST REGION,2512075.291,2392182.978,2,1,0,0,1,1,1,1,0,0,2,0,0,0,0,0,0,0,0,1,No,0,2,0,2,0,0,Metropolitan Excluding CBD,Metropolitan Excluding CBD,DANDENONG,METROPOLITAN SOUTH EAST REGION,,,Arterial Other,Arterial Other,Undivided,Undivided,Metro
-37.81013295,144.9499871,1341,T20100031982,ABS to receive accident,Finished,15-07-2010,08.40.00,No,Collision with vehicle,Thursday,VEHICLE STRIKES DOOR OF PARKED/STATIONARY VEHICLE,No,Day,No,Cross intersection,Other injury accident,60,No,29413,144.94999,-37.81013,Intersection,MELBOURNE,METROPOLITAN NORTH WEST REGION,2495596.173,2410096.701,4,1,0,0,1,3,2,2,0,1,2,0,0,1,0,0,0,0,0,0,No,0,3,0,2,1,0,Metropolitan Excluding CBD,Metropolitan Excluding CBD,MELBOURNE,METROPOLITAN NORTH WEST REGION,,,Arterial Other,Arterial Other,Undivided,Undivided,Metro
-37.85855212,144.8948107,1342,T20100031985,ABS to receive accident,Finished,10-08-2010,18.30.00,Yes,Struck Pedestrian,Tuesday,PED NEAR SIDE. PED HIT BY VEHICLE FROM THE RIGHT.,No,Dark Street lights on,Yes,Not at intersection,Serious injury accident,60,No,237254,144.89481,-37.85855,Non-Intersection,HOBSONS BAY,METROPOLITAN NORTH WEST REGION,2490743.62,2404718.787,2,1,0,1,0,1,1,1,0,0,1,1,0,0,0,0,0,1,0,0,No,0,1,0,1,0,0,Metropolitan Excluding CBD,Metropolitan Excluding CBD,HOBSONS BAY,METROPOLITAN NORTH WEST REGION,,,Local Road,Local Road,Undivided,Undivided,Metro
-36.01366991,144.9588771,1343,T20100031997,ABS to receive accident,Finished,10-08-2010,17.00.00,No,Collision with a fixed object,Tuesday,OFF RIGHT BEND INTO OBJECT/PARKED VEHICLE,No,Day,Yes,Not at intersection,Serious injury accident,100,Yes,238695,144.95888,-36.01367,Non-Intersection,MOIRA,NORTH EASTERN REGION,2496292.866,2609439.504,2,2,0,2,0,0,1,1,0,1,1,0,0,0,0,0,0,0,0,0,Yes,0,1,0,1,0,0,Country,Country,MOIRA,NORTH EASTERN REGION,,,Local Road,Local Road,Undivided,Undivided,Country
-36.78400709,145.0987323,1344,T20100031999,ABS to receive accident,Finished,10-08-2010,20.10.00,Yes,Collision with a fixed object,Tuesday,LEFT OFF CARRIAGEWAY INTO OBJECT/PARKED VEHICLE,No,Dark No street lights,Yes,Not at intersection,Other injury accident,100,Yes,235763,145.09873,-36.78401,Non-Intersection,STRATHBOGIE,NORTH EASTERN REGION,2508811.846,2523961.801,2,2,0,0,2,0,1,1,0,1,1,0,0,0,0,0,0,0,0,0,No,0,1,0,1,0,0,Country,Country,STRATHBOGIE,NORTH EASTERN REGION,C,C,Arterial Other,Arterial Other,Undivided,Undivided,Country
-37.42872017,141.2526094,1345,T20100032006,ABS to receive accident,Finished,10-08-2010,11.00.00,No,Collision with a fixed object,Tuesday,OFF RIGHT BEND INTO OBJECT/PARKED VEHICLE,No,Day,No,T intersection,Other injury accident,100,Yes,235764,141.25261,-37.42872,Intersection,GLENELG,WESTERN REGION,2168447.365,2445900.351,1,1,0,0,1,0,0,1,0,0,1,0,0,0,0,0,0,0,0,0,No,0,1,0,1,0,0,Country,Country,"WEST WIMMERA,GLENELG","SOUTH WESTERN REGION,WESTERN REGION",C,C,Arterial Other,"Arterial Other,Local Road",Undivided,Undivided,Country
-37.77148185,144.7561359,1346,T20100032010,ABS to receive accident,Finished,10-08-2010,22.15.00,Yes,Collision with a fixed object,Tuesday,RIGHT OFF CARRIAGEWAY INTO OBJECT/PARKED VEHICLE,No,Dark Street lights on,Yes,T intersection,Other injury accident,50,Yes,30034,144.75614,-37.77148,Intersection,BRIMBANK,METROPOLITAN NORTH WEST REGION,2478515.87,2414360.079,2,1,0,0,1,1,1,1,0,1,1,0,0,0,0,0,0,0,0,0,No,0,1,0,1,0,0,Metropolitan Excluding CBD,"Metropolitan Excluding CBD,Country","MELTON,BRIMBANK",METROPOLITAN NORTH WEST REGION,,,Local Road,Local Road,Undivided,Undivided,Metro
-37.66858047,145.0713017,1347,T20100032012,ABS to receive accident,Finished,11-08-2010,00.20.00,Yes,No collision and no object struck,Wednesday,OFF CARRIAGEWAY TO LEFT,No,Dark Street lights on,Yes,Not at intersection,Other injury accident,80,Yes,228945,145.0713,-37.66858,Non-Intersection,WHITTLESEA,METROPOLITAN NORTH WEST REGION,2506290.153,2425805.552,2,1,0,0,1,1,1,1,0,1,1,0,0,0,0,0,0,0,0,0,No,0,1,0,1,0,0,Metropolitan Excluding CBD,Metropolitan Excluding CBD,WHITTLESEA,METROPOLITAN NORTH WEST REGION,C,C,Arterial Other,Arterial Other,Undivided,Undivided,Metro
-37.93536118,145.1929908,1348,T20100032014,ABS to receive accident,Finished,04-08-2010,16.40.00,No,Collision with vehicle,Wednesday,REAR END(VEHICLES IN SAME LANE),No,Day,Yes,Not at intersection,Serious injury accident,70,No,235372,145.19299,-37.93536,Non-Intersection,MONASH,METROPOLITAN SOUTH EAST REGION,2516965.39,2396181.572,2,1,0,1,0,1,2,0,0,0,2,0,0,0,0,0,0,0,0,1,No,0,2,0,1,0,1,Metropolitan Excluding CBD,Metropolitan Excluding CBD,MONASH,METROPOLITAN SOUTH EAST REGION,,,Arterial Other,Arterial Other,Undivided,Undivided,Metro
-35.2370033,143.4813623,1349,T20100032018,ABS to receive accident,Finished,11-08-2010,06.50.00,No,Collision with vehicle,Wednesday,RIGHT NEAR (INTERSECTIONS ONLY),No,Dusk/Dawn,Yes,T intersection,Other injury accident,100,No,235421,143.48136,-35.237,Intersection,SWAN HILL,NORTHERN REGION,2361729.26,2694522.408,2,1,0,0,1,1,1,1,0,0,2,0,0,0,0,0,0,0,0,1,No,0,2,0,2,0,0,Country,Country,SWAN HILL,NORTHERN REGION,B,B,Arterial Highway,"Arterial Highway,Local Road",Undivided,Undivided,Country
-38.38708359,142.576742,1350,T20100032019,ABS to receive accident,Finished,11-08-2010,06.20.00,No,Collision with a fixed object,Wednesday,RIGHT OFF CARRIAGEWAY INTO OBJECT/PARKED VEHICLE,No,Dark No street lights,Yes,Not at intersection,Other injury accident,100,Yes,239264,142.57674,-38.38708,Non-Intersection,MOYNE,SOUTH WESTERN REGION,2288275.905,2343360.199,2,1,0,0,1,1,1,1,0,0,2,0,0,0,0,0,0,0,0,1,No,0,2,1,1,0,0,Country,Country,MOYNE,SOUTH WESTERN REGION,A,A,Arterial Highway,Arterial Highway,Undivided,Undivided,Country
-37.6771277,145.0505118,1351,T20100032029,ABS to receive accident,Finished,11-08-2010,07.50.00,No,No collision and no object struck,Wednesday,OUT OF CONTROL ON CARRIAGEWAY (ON STRAIGHT),No,Day,Yes,Not at intersection,Other injury accident,70,No,253634,145.05051,-37.67713,Non-Intersection,WHITTLESEA,METROPOLITAN NORTH WEST REGION,2504455.585,2424858.144,1,1,0,0,1,0,1,0,0,0,0,0,0,1,0,0,0,0,0,0,No,0,1,0,0,1,0,Metropolitan Excluding CBD,Metropolitan Excluding CBD,WHITTLESEA,METROPOLITAN NORTH WEST REGION,,,Local Road,Local Road,Undivided,Undivided,Metro
-38.2309416,145.0933782,1352,T20100032033,ABS to receive accident,Finished,11-08-2010,08.00.00,No,Collision with vehicle,Tuesday,REAR END(VEHICLES IN SAME LANE),No,Day,Yes,Cross intersection,Other injury accident,80,No,277173,145.09338,-38.23094,Intersection,MORNINGTON PENINSULA,METROPOLITAN SOUTH EAST REGION,2508176.488,2363385.005,2,1,0,0,1,1,2,0,0,0,2,0,0,0,0,0,0,0,0,1,No,0,2,0,2,0,0,Country,Country,MORNINGTON PENINSULA,METROPOLITAN SOUTH EAST REGION,C,C,Arterial Highway,"Arterial Highway,Local Road",Undivided,Undivided,Metro
-37.80575168,144.977207,1353,T20100032038,ABS to receive accident,Finished,09-08-2010,12.40.00,No,Struck Pedestrian,Monday,VEH STRIKES PED ON FOOTPATH/MEDIAN/TRAFFIC ISLAND.,Yes,Day,Yes,Cross intersection,Other injury accident,40,No,36469,144.97721,-37.80575,Intersection,YARRA,METROPOLITAN NORTH WEST REGION,2497992.87,2410583.881,3,1,0,0,1,2,2,1,0,1,1,1,0,0,0,0,0,0,0,0,No,0,1,0,1,0,0,Metropolitan Excluding CBD,Metropolitan Excluding CBD,YARRA,METROPOLITAN NORTH WEST REGION,,,Local Road,Local Road,Undivided,Undivided,Metro
-37.80906372,145.0303386,1354,T20100032040,ABS to receive accident,Finished,11-08-2010,07.30.00,No,Collision with vehicle,Wednesday,U TURN,No,Day,Yes,T intersection,Other injury accident,50,No,65675,145.03034,-37.80906,Intersection,BOROONDARA,METROPOLITAN SOUTH EAST REGION,2502671.466,2410216.103,2,1,0,0,1,1,1,1,1,0,1,0,0,0,0,0,0,0,0,1,No,0,2,0,1,0,0,Metropolitan Excluding CBD,Metropolitan Excluding CBD,BOROONDARA,METROPOLITAN SOUTH EAST REGION,,,Local Road,Local Road,Undivided,Undivided,Metro
-37.69099404,144.9209658,1355,T20100032043,ABS to receive accident,Finished,01-08-2010,17.30.00,Yes,Collision with vehicle,Sunday,VEHICLE STRIKES DOOR OF PARKED/STATIONARY VEHICLE,No,Dusk/Dawn,No,T intersection,Other injury accident,50,No,61776,144.92097,-37.69099,Intersection,HUME,METROPOLITAN NORTH WEST REGION,2493029.759,2423317.526,3,1,0,0,1,2,3,0,0,1,2,0,0,0,0,0,0,0,0,1,No,0,2,0,2,0,0,Metropolitan Excluding CBD,Metropolitan Excluding CBD,HUME,METROPOLITAN NORTH WEST REGION,,,Local Road,Local Road,Undivided,Undivided,Metro
-38.15633872,145.1706756,1356,T20100032047,ABS to receive accident,Finished,11-08-2010,10.20.00,No,Collision with vehicle,Wednesday,REAR END(VEHICLES IN SAME LANE),No,Day,No,Cross intersection,Other injury accident,70,No,29740,145.17068,-38.15634,Intersection,FRANKSTON,METROPOLITAN SOUTH EAST REGION,2514959.739,2371657.072,2,1,0,0,1,1,0,2,0,0,2,0,0,0,0,0,0,0,0,1,No,0,2,0,2,0,0,Metropolitan Excluding CBD,Metropolitan Excluding CBD,FRANKSTON,METROPOLITAN SOUTH EAST REGION,,,Arterial Other,"Arterial Other,Local Road",Undivided,Undivided,Metro
-37.83484046,144.9965556,1357,T20100032049,ABS to receive accident,Finished,10-08-2010,21.55.00,Yes,Collision with vehicle,Tuesday,RIGHT THROUGH,No,Dark Street lights on,Yes,Cross intersection,Serious injury accident,Not known,No,35414,144.99656,-37.83484,Intersection,STONNINGTON,METROPOLITAN SOUTH EAST REGION,2499696.81,2407355.624,4,2,0,1,1,2,2,2,0,2,2,0,0,0,0,0,0,0,0,0,No,0,2,0,2,0,0,Metropolitan Excluding CBD,Metropolitan Excluding CBD,STONNINGTON,METROPOLITAN SOUTH EAST REGION,,,Arterial Other,Arterial Other,Undivided,Undivided,Metro
-38.25623064,141.9243444,1358,T20100032057,ABS to receive accident,Finished,11-08-2010,11.30.00,No,No collision and no object struck,Wednesday,OFF CARRIAGEWAY TO RIGHT,No,Unk.,No,Not at intersection,Other injury accident,100,Yes,235668,141.92434,-38.25623,Non-Intersection,MOYNE,SOUTH WESTERN REGION,2230823.335,2356233.107,1,1,0,0,1,0,1,0,0,0,1,0,0,0,0,0,0,0,0,1,No,0,1,0,1,0,0,Country,Country,MOYNE,SOUTH WESTERN REGION,A,A,Arterial Highway,Arterial Highway,Undivided,Undivided,Country
-37.85633792,145.1804011,1359,T20100032061,ABS to receive accident,Finished,11-08-2010,07.50.00,No,Collision with vehicle,Wednesday,REAR END(VEHICLES IN SAME LANE),No,Day,Yes,Not at intersection,Serious injury accident,80,No,239454,145.1804,-37.85634,Non-Intersection,WHITEHORSE,METROPOLITAN SOUTH EAST REGION,2515875.279,2404954.612,7,1,0,1,0,6,4,3,0,2,5,0,0,0,0,0,0,0,0,0,No,0,5,0,5,0,0,Metropolitan Excluding CBD,Metropolitan Excluding CBD,WHITEHORSE,METROPOLITAN SOUTH EAST REGION,,,Arterial Highway,Arterial Highway,Undivided,Undivided,Metro
-37.8130443,145.0227924,1360,T20100032064,ABS to receive accident,Finished,11-08-2010,09.09.00,No,Collision with vehicle,Wednesday,VEHICLE OFF FOOTPATH STRIKES VEH ON CARRIAGEWAY,No,Day,Yes,Not at intersection,Serious injury accident,60,No,235394,145.02279,-37.81304,Non-Intersection,BOROONDARA,METROPOLITAN SOUTH EAST REGION,2502006.881,2409774.495,2,1,0,1,0,1,1,1,1,0,1,0,0,0,0,0,0,0,0,0,No,0,2,0,1,0,0,Metropolitan Excluding CBD,Metropolitan Excluding CBD,BOROONDARA,METROPOLITAN SOUTH EAST REGION,,,Arterial Other,Arterial Other,Undivided,Undivided,Metro
-36.73570273,144.2668847,1361,T20100032065,ABS to receive accident,Finished,11-08-2010,11.30.00,No,Collision with vehicle,Wednesday,RIGHT THROUGH,No,Day,Yes,Cross intersection,Other injury accident,60,No,19417,144.26688,-36.7357,Intersection,BENDIGO,NORTHERN REGION,2434528.895,2529074.001,2,2,0,0,2,0,0,2,0,0,2,0,0,0,0,0,0,0,0,0,No,0,2,0,2,0,0,Large Provincial Cities,Large Provincial Cities,BENDIGO,NORTHERN REGION,C,C,Arterial Other,Arterial Other,Undivided,Undivided,Country
-37.90636903,145.0087259,1362,T20100032068,ABS to receive accident,Finished,10-08-2010,11.08.00,No,Collision with vehicle,Tuesday,REAR END(VEHICLES IN SAME LANE),No,Day,Yes,Cross intersection,Other injury accident,80,No,226245,145.00873,-37.90637,Intersection,BAYSIDE,METROPOLITAN SOUTH EAST REGION,2500767.374,2399416.642,3,1,0,0,1,2,1,2,0,1,2,0,0,0,0,0,0,0,0,0,No,0,2,0,2,0,0,Metropolitan Excluding CBD,Metropolitan Excluding CBD,BAYSIDE,METROPOLITAN SOUTH EAST REGION,,,Arterial Highway,"Arterial Highway,Local Road",Undivided,Undivided,Metro
-38.15556911,144.3654123,1363,T20100032078,ABS to receive accident,Finished,11-08-2010,12.40.00,No,Collision with a fixed object,Wednesday,RIGHT OFF CARRIAGEWAY INTO OBJECT/PARKED VEHICLE,No,Day,Yes,Cross intersection,Other injury accident,60,Yes,50001,144.36541,-38.15557,Intersection,GEELONG,SOUTH WESTERN REGION,2444378.12,2371570.529,1,1,0,0,1,0,0,1,0,0,1,0,0,0,0,0,0,0,0,0,No,0,1,0,1,0,0,Large Provincial Cities,Large Provincial Cities,GEELONG,SOUTH WESTERN REGION,B,B,Arterial Highway,"Arterial Highway,Local Road",Undivided,Undivided,Country
-38.48235302,142.9659147,1364,T20100032082,ABS to receive accident,Finished,10-08-2010,16.30.00,No,Collision with a fixed object,Tuesday,OFF LEFT BEND INTO OBJECT/PARKED VEHICLE,No,Day,Yes,Not at intersection,Other injury accident,60,Yes,235826,142.96591,-38.48235,Non-Intersection,CORANGAMITE,SOUTH WESTERN REGION,2322498.884,2333581.576,1,1,0,0,1,0,0,1,0,0,1,0,0,0,0,0,0,0,0,0,No,0,1,0,1,0,0,Small Towns,Small Towns,CORANGAMITE,SOUTH WESTERN REGION,C,C,Arterial Other,Arterial Other,Undivided,Undivided,Country
-37.78846679,144.9410024,1365,T20100032085,ABS to receive accident,Finished,11-08-2010,12.30.00,No,Collision with vehicle,Wednesday,RIGHT THROUGH,Yes,Day,Yes,Multiple intersection,Other injury accident,60,No,35722,144.941,-37.78847,Intersection,MELBOURNE,METROPOLITAN NORTH WEST REGION,2494803.549,2412500.901,6,2,0,0,2,4,4,2,0,4,2,0,0,0,0,0,0,0,0,2,No,0,2,0,2,0,0,Metropolitan Excluding CBD,Metropolitan Excluding CBD,MELBOURNE,METROPOLITAN NORTH WEST REGION,,,Freeway,"Freeway,Local Road,Arterial Other",Undivided,Undivided,Metro
-37.83159415,144.9697779,1366,T20100032088,ABS to receive accident,Finished,11-08-2010,10.40.00,No,Collision with a fixed object,Wednesday,RIGHT OFF CARRIAGEWAY INTO OBJECT/PARKED VEHICLE,No,Day,Yes,T intersection,Other injury accident,60,Yes,56731,144.96978,-37.83159,Intersection,PORT PHILLIP,METROPOLITAN NORTH WEST REGION,2497339.589,2407715.509,2,2,0,0,2,0,1,1,0,1,1,0,0,0,0,0,0,0,0,1,No,0,1,0,1,0,0,Metropolitan Excluding CBD,Metropolitan Excluding CBD,PORT PHILLIP,METROPOLITAN NORTH WEST REGION,,,Local Road,Local Road,Undivided,Undivided,Metro
-36.82967771,145.4034011,1367,T20100032090,ABS to receive accident,Finished,11-08-2010,13.00.00,No,Collision with vehicle,Wednesday,OTHER SAME DIRECTION-MANOUEVRES NOT INCLUDED IN DCAs 130-137,No,Day,Yes,Not at intersection,Other injury accident,110,No,235827,145.4034,-36.82968,Non-Intersection,STRATHBOGIE,NORTH EASTERN REGION,2535981.932,2518822.622,4,3,0,0,3,1,2,2,0,2,2,0,0,0,0,0,0,0,0,0,No,0,2,0,2,0,0,Country,Country,STRATHBOGIE,NORTH EASTERN REGION,M,M,Freeway,Freeway,Undivided,Undivided,Country
-36.8430438,145.9002928,1368,T20100032096,ABS to receive accident,Finished,11-08-2010,12.00.00,No,No collision and no object struck,Wednesday,OFF CARRIAGEWAY TO LEFT,No,Day,No,Not at intersection,Serious injury accident,Camping grounds or off road,Yes,235774,145.90029,-36.84304,Non-Intersection,BENALLA,NORTH EASTERN REGION,2580287.919,2517036.141,1,1,0,1,0,0,1,0,0,0,0,0,0,1,0,0,0,0,0,0,No,0,1,0,0,1,0,Country,Country,BENALLA,NORTH EASTERN REGION,,,Local Road,Local Road,Undivided,Undivided,Country
-37.917982,145.1588095,1369,T20100032101,ABS to receive accident,Finished,11-08-2010,15.00.00,No,Struck Pedestrian,Wednesday,PED ON FOOTHPATH STRUCK BY VEHENTERING/LEAVING DRIVEWAY.,No,Day,Yes,Not at intersection,Other injury accident,80,No,235395,145.15881,-37.91798,Non-Intersection,MONASH,METROPOLITAN SOUTH EAST REGION,2513963.808,2398116.084,3,1,0,0,1,2,1,2,0,1,1,1,0,0,0,0,0,0,0,0,No,0,1,0,1,0,0,Metropolitan Excluding CBD,Metropolitan Excluding CBD,MONASH,METROPOLITAN SOUTH EAST REGION,,,Arterial Highway,Arterial Highway,Undivided,Undivided,Metro
-37.91132066,145.3937493,1370,T20100032108,ABS to receive accident,Finished,11-08-2010,15.05.00,No,Collision with vehicle,Wednesday,REAR END(VEHICLES IN SAME LANE),No,Day,Yes,Not at intersection,Other injury accident,80,No,105972,145.39375,-37.91132,Non-Intersection,YARRA RANGES,METROPOLITAN SOUTH EAST REGION,2534624.582,2398795.483,2,2,0,0,2,0,1,1,1,0,1,0,0,0,0,0,0,0,0,0,No,0,2,0,1,0,0,Metropolitan Excluding CBD,Metropolitan Excluding CBD,YARRA RANGES,METROPOLITAN SOUTH EAST REGION,C,C,Arterial Other,Arterial Other,Undivided,Undivided,Metro
-36.010148,145.4318248,1371,T20100032113,ABS to receive accident,Finished,11-08-2010,11.15.00,No,Collision with vehicle,Wednesday,REAR END(VEHICLES IN SAME LANE),No,Day,Yes,Not at intersection,Serious injury accident,100,No,243504,145.43182,-36.01015,Non-Intersection,MOIRA,NORTH EASTERN REGION,2538929.671,2609742.8,2,1,0,1,0,1,1,1,0,0,2,0,0,0,0,0,0,0,0,1,No,0,2,0,2,0,0,Country,Country,MOIRA,NORTH EASTERN REGION,A,A,Arterial Highway,Arterial Highway,Undivided,Undivided,Country
-38.25756153,144.5355816,1372,T20100032120,ABS to receive accident,Finished,06-08-2010,10.45.00,No,Collision with vehicle,Friday,CROSS TRAFFIC(INTERSECTIONS ONLY),No,Day,Yes,Cross intersection,Other injury accident,60,No,50277,144.53558,-38.25756,Intersection,GEELONG,SOUTH WESTERN REGION,2459348.625,2360334.77,2,1,0,0,1,1,0,2,1,0,1,0,0,0,0,0,0,0,0,0,No,0,2,0,1,0,0,Small Provincial Cities,Small Provincial Cities,GEELONG,SOUTH WESTERN REGION,C,C,Arterial Other,"Arterial Other,Local Road",Undivided,Undivided,Country
-37.70102563,144.9393926,1373,T20100032121,ABS to receive accident,Finished,11-08-2010,15.30.00,No,Collision with vehicle,Wednesday,CROSS TRAFFIC(INTERSECTIONS ONLY),No,Day,Yes,Cross intersection,Other injury accident,50,No,61999,144.93939,-37.70103,Intersection,MORELAND,METROPOLITAN NORTH WEST REGION,2494655.578,2422205.392,3,1,0,0,1,2,2,1,0,1,2,0,0,0,0,0,0,0,0,0,No,0,2,0,2,0,0,Metropolitan Excluding CBD,Metropolitan Excluding CBD,MORELAND,METROPOLITAN NORTH WEST REGION,,,Local Road,Local Road,Undivided,Undivided,Metro
-36.36469365,145.5640998,1374,T20100032122,ABS to receive accident,Finished,10-08-2010,17.30.00,No,Collision with a fixed object,Tuesday,LEFT OFF CARRIAGEWAY INTO OBJECT/PARKED VEHICLE,No,Dusk/Dawn,Yes,Not at intersection,Other injury accident,100,Yes,235776,145.5641,-36.36469,Non-Intersection,SHEPPARTON,NORTH EASTERN REGION,2550621.245,2570341.809,1,1,0,0,1,0,0,1,0,0,1,0,0,0,0,0,0,0,0,0,No,0,1,0,1,0,0,Country,Country,SHEPPARTON,NORTH EASTERN REGION,C,C,Arterial Other,Arterial Other,Undivided,Undivided,Country
-37.97483543,145.2582149,1375,T20100032129,ABS to receive accident,Finished,11-08-2010,15.58.00,No,Collision with vehicle,Wednesday,RIGHT THROUGH,No,Day,Yes,Cross intersection,Other injury accident,80,No,43152,145.25821,-37.97484,Intersection,CASEY,METROPOLITAN SOUTH EAST REGION,2522687.201,2391786.59,3,2,0,0,2,1,1,2,0,1,2,0,0,0,0,0,0,0,0,0,No,0,2,0,2,0,0,Metropolitan Excluding CBD,Metropolitan Excluding CBD,CASEY,METROPOLITAN SOUTH EAST REGION,,,Arterial Other,"Arterial Other,Local Road",Undivided,Undivided,Metro
-36.3861291,145.412207,1376,T20100032130,ABS to receive accident,Finished,11-08-2010,19.00.00,Yes,Collision with a fixed object,Wednesday,LEFT OFF CARRIAGEWAY INTO OBJECT/PARKED VEHICLE,No,Dark Street lights on,Yes,Not at intersection,Serious injury accident,60,Yes,235777,145.41221,-36.38613,Non-Intersection,SHEPPARTON,NORTH EASTERN REGION,2536980.481,2568033.338,3,2,0,1,1,1,1,2,0,2,1,0,0,0,0,0,0,0,0,0,No,0,1,0,1,0,0,Small Provincial Cities,Small Provincial Cities,SHEPPARTON,NORTH EASTERN REGION,,,Local Road,Local Road,Undivided,Undivided,Country