Latitude,Longitude,OBJECTID,ACCIDENT_NO,ABS_CODE,ACCIDENT_STATUS,ACCIDENT_DATE,ACCIDENT_TIME,ALCOHOLTIME,ACCIDENT_TYPE,DAY_OF_WEEK,DCA_CODE,HIT_RUN_FLAG,LIGHT_CONDITION,POLICE_ATTEND,ROAD_GEOMETRY,SEVERITY,SPEED_ZONE,RUN_OFFROAD,NODE_ID,LONGITUDE,LATITUDE,NODE_TYPE,LGA_NAME,REGION_NAME,VICGRID_X,VICGRID_Y,TOTAL_PERSONS,INJ_OR_FATAL,FATALITY,SERIOUSINJURY,OTHERINJURY,NONINJURED,MALES,FEMALES,BICYCLIST,PASSENGER,DRIVER,PEDESTRIAN,PILLION,MOTORIST,UNKNOWN,PED_CYCLIST_5_12,PED_CYCLIST_13_18,OLD_PEDESTRIAN,OLD_DRIVER,YOUNG_DRIVER,ALCOHOL_RELATED,UNLICENCSED,NO_OF_VEHICLES,HEAVYVEHICLE,PASSENGERVEHICLE,MOTORCYCLE,PUBLICVEHICLE,DEG_URBAN_NAME,DEG_URBAN_ALL,LGA_NAME_ALL,REGION_NAME_ALL,SRNS,SRNS_ALL,RMA,RMA_ALL,DIVIDED,DIVIDED_ALL,STAT_DIV_NAME
-37.32748248,144.6763587,1377,T20100032133,ABS to receive accident,Finished,10-08-2010,12.15.00,No,Vehicle overturned (no collision),Tuesday,OFF CARRIAGEWAY TO RIGHT,No,Day,Yes,Not at intersection,Other injury accident,100,Yes,235778,144.67636,-37.32748,Non-Intersection,MACEDON RANGES,NORTHERN REGION,2471320.108,2463612.329,1,1,0,0,1,0,1,0,0,0,1,0,0,0,0,0,0,0,0,0,No,0,1,0,1,0,0,Country,Country,MACEDON RANGES,NORTHERN REGION,,,Local Road,Local Road,Undivided,Undivided,Country
-37.74574691,145.0095725,1378,T20100032135,ABS to receive accident,Finished,11-08-2010,15.50.00,No,Collision with vehicle,Wednesday,REAR END(VEHICLES IN SAME LANE),No,Day,Yes,Not at intersection,Other injury accident,70,No,235396,145.00957,-37.74575,Non-Intersection,DAREBIN,METROPOLITAN NORTH WEST REGION,2500843.613,2417243.74,8,1,0,0,1,7,1,5,0,3,5,0,0,0,0,0,0,0,0,2,No,0,5,0,5,0,0,Metropolitan Excluding CBD,Metropolitan Excluding CBD,DAREBIN,METROPOLITAN NORTH WEST REGION,,,Arterial Highway,Arterial Highway,Undivided,Undivided,Metro
-37.93643981,145.0613376,1379,T20100032137,ABS to receive accident,Finished,11-08-2010,16.33.00,No,Collision with vehicle,Wednesday,RIGHT THROUGH,No,Day,Yes,Cross intersection,Other injury accident,60,No,42260,145.06134,-37.93644,Intersection,GLEN EIRA,METROPOLITAN SOUTH EAST REGION,2505391.981,2396077.311,3,2,0,0,2,1,2,1,0,1,2,0,0,0,0,0,0,0,0,1,No,0,2,0,2,0,0,Metropolitan Excluding CBD,Metropolitan Excluding CBD,"KINGSTON,GLEN EIRA",METROPOLITAN SOUTH EAST REGION,,,Arterial Other,"Arterial Other,Local Road",Undivided,Undivided,Metro
-37.55174692,144.0694721,1380,T20100032139,ABS to receive accident,Finished,11-08-2010,17.50.00,No,Collision with a fixed object,Wednesday,LEFT OFF CARRIAGEWAY INTO OBJECT/PARKED VEHICLE,No,Dark No street lights,Yes,Not at intersection,Serious injury accident,110,Yes,238085,144.06947,-37.55175,Non-Intersection,MOORABOOL,WESTERN REGION,2417784.478,2438372.115,1,1,0,1,0,0,1,0,0,0,1,0,0,0,0,0,0,0,0,0,No,0,1,0,1,0,0,Country,Country,MOORABOOL,WESTERN REGION,M,M,Freeway,Freeway,Undivided,Undivided,Country
-37.99020677,145.2129384,1381,T20100032140,ABS to receive accident,Finished,11-08-2010,18.45.00,Yes,Struck Pedestrian,Wednesday,PED NEAR SIDE. PED HIT BY VEHICLE FROM THE RIGHT.,Yes,Dark Street lights on,Yes,Cross intersection,Serious injury accident,50,No,222023,145.21294,-37.99021,Intersection,DANDENONG,METROPOLITAN SOUTH EAST REGION,2518705.321,2390090.288,2,1,0,1,0,1,1,1,0,0,1,1,0,0,0,0,0,0,0,0,No,0,1,0,1,0,0,Metropolitan Excluding CBD,Metropolitan Excluding CBD,DANDENONG,METROPOLITAN SOUTH EAST REGION,,,Arterial Highway,"Arterial Highway,Local Road",Undivided,Undivided,Metro
-37.7130229,144.7895625,1382,T20100032148,ABS to receive accident,Finished,11-08-2010,18.15.00,Yes,Struck Pedestrian,Wednesday,FAR SIDE. PED HIT BY VEHICLE FROM THE LEFT,Yes,Dark Street lights on,Yes,Not at intersection,Serious injury accident,60,No,235779,144.78956,-37.71302,Non-Intersection,BRIMBANK,METROPOLITAN NORTH WEST REGION,2481446.363,2420855.1,2,1,0,1,0,1,0,1,0,0,1,1,0,0,0,0,1,0,0,0,No,0,1,0,1,0,0,Metropolitan Excluding CBD,Metropolitan Excluding CBD,BRIMBANK,METROPOLITAN NORTH WEST REGION,,,Local Road,Local Road,Undivided,Undivided,Metro
-37.09247683,143.4647742,1383,T20100032156,ABS to receive accident,Finished,11-08-2010,19.09.00,Yes,collision with some other object,Wednesday,STRUCK OBJECT ON CARRIAGEWAY,No,Dark No street lights,Yes,Not at intersection,Other injury accident,100,No,235994,143.46477,-37.09248,Non-Intersection,PYRENEES,WESTERN REGION,2363539.103,2488638.282,1,1,0,0,1,0,0,0,0,0,1,0,0,0,0,0,0,0,0,0,No,0,1,0,1,0,0,Small Towns,Small Towns,PYRENEES,WESTERN REGION,B,B,Arterial Highway,Arterial Highway,Undivided,Undivided,Country
-38.34133183,143.9981979,1384,T20100032157,ABS to receive accident,Finished,08-08-2010,10.00.00,Yes,No collision and no object struck,Sunday,OUT OF CONTROL ON CARRIAGEWAY (ON STRAIGHT),No,Day,No,Not at intersection,Other injury accident,Not known,No,235780,143.9982,-38.34133,Non-Intersection,SURF COAST,SOUTH WESTERN REGION,2412409.59,2350673.398,1,1,0,0,1,0,1,0,0,0,0,0,0,1,0,0,0,0,0,0,No,0,1,0,0,1,0,Country,Country,SURF COAST,SOUTH WESTERN REGION,,,Local Road,Local Road,Undivided,Undivided,Country
-36.89500981,144.140301,1385,T20100032158,ABS to receive accident,Finished,11-08-2010,19.54.00,Yes,collision with some other object,Wednesday,STRUCK OBJECT ON CARRIAGEWAY,No,Dark No street lights,Yes,Not at intersection,Other injury accident,100,No,235781,144.1403,-36.89501,Non-Intersection,BENDIGO,NORTHERN REGION,2423384.202,2511303.761,1,1,0,0,1,0,0,1,0,0,1,0,0,0,0,0,0,0,0,0,No,0,1,0,1,0,0,Country,Country,BENDIGO,NORTHERN REGION,C,C,Arterial Other,Arterial Other,Undivided,Undivided,Country
-37.87690659,145.2249536,1386,T20100032163,ABS to receive accident,Finished,11-08-2010,21.05.00,Yes,Collision with vehicle,Wednesday,RIGHT THROUGH,No,Dark Street lights on,Yes,T intersection,Serious injury accident,80,No,41865,145.22495,-37.87691,Intersection,KNOX,METROPOLITAN SOUTH EAST REGION,2519790.496,2402663.36,4,2,0,1,1,2,2,2,0,2,2,0,0,0,0,0,0,0,0,0,No,0,2,0,2,0,0,Metropolitan Excluding CBD,Metropolitan Excluding CBD,KNOX,METROPOLITAN SOUTH EAST REGION,,,Arterial Other,"Arterial Other,Local Road",Undivided,Undivided,Metro
-37.98621376,145.2125127,1387,T20100032173,ABS to receive accident,Finished,11-08-2010,20.00.00,Yes,Struck Pedestrian,Wednesday,FAR SIDE. PED HIT BY VEHICLE FROM THE LEFT,Yes,Dark Street lights on,No,Cross intersection,Other injury accident,50,No,43051,145.21251,-37.98621,Intersection,DANDENONG,METROPOLITAN SOUTH EAST REGION,2518668.913,2390533.578,3,1,0,0,1,2,2,1,0,1,1,1,0,0,0,0,0,0,0,0,No,0,1,0,1,0,0,Metropolitan Excluding CBD,Metropolitan Excluding CBD,DANDENONG,METROPOLITAN SOUTH EAST REGION,,,Local Road,Local Road,Undivided,Undivided,Metro
-37.66198101,145.0727017,1388,T20100032177,ABS to receive accident,Finished,11-08-2010,18.06.00,Yes,Collision with a fixed object,Wednesday,OFF LEFT BEND INTO OBJECT/PARKED VEHICLE,No,Dark Street lights on,Yes,Not at intersection,Serious injury accident,80,Yes,236018,145.0727,-37.66198,Non-Intersection,WHITTLESEA,METROPOLITAN NORTH WEST REGION,2506414.223,2426537.871,3,1,0,1,0,2,2,1,0,2,1,0,0,0,0,0,0,0,0,0,No,0,1,0,1,0,0,Metropolitan Excluding CBD,Metropolitan Excluding CBD,WHITTLESEA,METROPOLITAN NORTH WEST REGION,C,C,Arterial Other,Arterial Other,Undivided,Undivided,Metro
-36.37477807,145.4462954,1389,T20100032189,ABS to receive accident,Reopened,11-08-2010,23.05.00,Yes,Collision with a fixed object,Wednesday,LEFT OFF CARRIAGEWAY INTO OBJECT/PARKED VEHICLE,No,Dark Street lights on,Yes,Not at intersection,Other injury accident,50,Yes,236135,145.4463,-36.37478,Non-Intersection,SHEPPARTON,NORTH EASTERN REGION,2540044.547,2569278.997,2,1,0,0,1,1,1,0,0,0,2,0,0,0,0,0,0,0,0,1,No,1,2,0,2,0,0,Small Provincial Cities,Small Provincial Cities,SHEPPARTON,NORTH EASTERN REGION,,,Local Road,Local Road,Undivided,Undivided,Country
-37.5727115,143.8452742,1390,T20100032190,ABS to receive accident,Finished,12-08-2010,02.35.00,Yes,Struck Pedestrian,Thursday,PED WALKING AGAINST TRAFFIC.,No,Dark Street lights on,Yes,Not at intersection,Serious injury accident,60,No,235995,143.84527,-37.57271,Non-Intersection,BALLARAT,WESTERN REGION,2398004.877,2435828.764,3,1,0,1,0,2,2,1,0,1,1,1,0,0,0,0,0,0,0,0,Yes,0,1,0,1,0,0,Large Provincial Cities,Large Provincial Cities,BALLARAT,WESTERN REGION,C,C,Arterial Other,Arterial Other,Undivided,Undivided,Country
-38.38092591,145.1632985,1391,T20100032197,ABS to receive accident,Finished,12-08-2010,05.45.00,Yes,collision with some other object,Thursday,STRUCK OBJECT ON CARRIAGEWAY,No,Dark No street lights,Yes,Not at intersection,Other injury accident,90,No,236019,145.1633,-38.38093,Non-Intersection,MORNINGTON PENINSULA,METROPOLITAN SOUTH EAST REGION,2514270.368,2346726.379,1,1,0,0,1,0,1,0,0,0,1,0,0,0,0,0,0,0,0,0,No,0,1,0,1,0,0,Country,Country,MORNINGTON PENINSULA,METROPOLITAN SOUTH EAST REGION,,,Local Road,Local Road,Undivided,Undivided,Metro
-37.8521802,144.9813553,1392,T20100032200,ABS to receive accident,Finished,12-08-2010,07.12.00,No,collision with some other object,Thursday,STRUCK OBJECT ON CARRIAGEWAY,No,Dusk/Dawn,Yes,Not at intersection,Other injury accident,60,No,236015,144.98136,-37.85218,Non-Intersection,PORT PHILLIP,METROPOLITAN NORTH WEST REGION,2498359.179,2405430.954,2,1,0,0,1,1,2,0,0,0,2,0,0,0,0,0,0,0,0,0,No,0,3,1,2,0,0,Metropolitan Excluding CBD,Metropolitan Excluding CBD,PORT PHILLIP,METROPOLITAN NORTH WEST REGION,,,Arterial Other,Arterial Other,Undivided,Undivided,Metro
-37.97279122,145.2391003,1393,T20100032201,ABS to receive accident,Finished,11-08-2010,22.35.00,Yes,Collision with vehicle,Wednesday,LEFT REAR,Yes,Dark Street lights on,Yes,Multiple intersection,Other injury accident,80,No,35721,145.2391,-37.97279,Non-Intersection,CASEY,METROPOLITAN SOUTH EAST REGION,2521008.335,2392017.873,2,1,0,0,1,1,0,1,0,0,2,0,0,0,0,0,0,0,0,0,No,0,2,0,2,0,0,Metropolitan Excluding CBD,Metropolitan Excluding CBD,CASEY,METROPOLITAN SOUTH EAST REGION,,,Arterial Other,Arterial Other,Undivided,Undivided,Metro
-37.99768857,145.527588,1394,T20100032203,ABS to receive accident,Finished,12-08-2010,05.05.00,Yes,collision with some other object,Thursday,STRUCK OBJECT ON CARRIAGEWAY,No,Dark No street lights,Yes,Not at intersection,Fatal accident,100,No,235301,145.52759,-37.99769,Non-Intersection,CARDINIA,METROPOLITAN SOUTH EAST REGION,2546340.538,2389152.349,1,1,1,0,0,0,1,0,0,0,1,0,0,0,0,0,0,0,0,1,No,0,1,0,1,0,0,Country,Country,CARDINIA,METROPOLITAN SOUTH EAST REGION,C,C,Arterial Other,Arterial Other,Undivided,Undivided,Metro
-37.86296311,145.0034105,1395,T20100032215,ABS to receive accident,Finished,12-08-2010,08.55.00,No,Collision with vehicle,Thursday,RIGHT/LEFT. ONE VEH TURNING RIGHT THE OTHER LEFT.,No,Day,Yes,Cross intersection,Other injury accident,60,No,40181,145.00341,-37.86296,Intersection,PORT PHILLIP,METROPOLITAN NORTH WEST REGION,2500300.1,2404234.322,2,2,0,0,2,0,1,1,0,0,2,0,0,0,0,0,0,0,0,0,No,0,2,0,2,0,0,Metropolitan Excluding CBD,Metropolitan Excluding CBD,PORT PHILLIP,METROPOLITAN NORTH WEST REGION,,,Local Road,Local Road,Undivided,Undivided,Metro
-37.82831952,144.9658926,1396,T20100032218,ABS to receive accident,Finished,12-08-2010,09.07.00,No,Collision with vehicle,Thursday,RIGHT THROUGH,No,Day,Yes,Cross intersection,Other injury accident,60,No,36949,144.96589,-37.82832,Intersection,MELBOURNE,METROPOLITAN NORTH WEST REGION,2496997.434,2408078.838,3,1,0,0,1,2,0,3,0,0,3,0,0,0,0,0,0,0,0,1,No,0,3,0,3,0,0,Metropolitan Excluding CBD,Metropolitan Excluding CBD,MELBOURNE,METROPOLITAN NORTH WEST REGION,,,Local Road,Local Road,Undivided,Undivided,Metro
-37.78465728,144.972688,1397,T20100032228,ABS to receive accident,Finished,12-08-2010,09.45.00,No,Collision with vehicle,Thursday,CROSS TRAFFIC(INTERSECTIONS ONLY),No,Day,Yes,Cross intersection,Other injury accident,50,No,36046,144.97269,-37.78466,Intersection,YARRA,METROPOLITAN NORTH WEST REGION,2497594.264,2412924.968,2,1,0,0,1,1,1,1,0,0,2,0,0,0,0,0,0,0,0,0,No,0,2,0,2,0,0,Metropolitan Excluding CBD,Metropolitan Excluding CBD,YARRA,METROPOLITAN NORTH WEST REGION,,,Local Road,Local Road,Undivided,Undivided,Metro
-37.8099272,145.0607751,1398,T20100032229,ABS to receive accident,Finished,12-08-2010,10.30.00,No,Collision with vehicle,Thursday,VEHICLE STRIKES ANOTHER VEH WHILE EMERGING FROM DRIVEWAY,No,Day,Yes,Not at intersection,Other injury accident,Not known,No,201487,145.06078,-37.80993,Non-Intersection,BOROONDARA,METROPOLITAN SOUTH EAST REGION,2505351.493,2410118.985,3,3,0,0,3,0,1,2,0,1,2,0,0,0,0,0,0,0,0,0,No,0,2,0,2,0,0,Metropolitan Excluding CBD,Metropolitan Excluding CBD,BOROONDARA,METROPOLITAN SOUTH EAST REGION,,,Arterial Other,Arterial Other,Undivided,Undivided,Metro
-37.87691021,145.2195158,1399,T20100032241,ABS to receive accident,Finished,11-08-2010,07.55.00,No,Collision with vehicle,Wednesday,RIGHT NEAR (INTERSECTIONS ONLY),No,Day,No,T intersection,Serious injury accident,Not known,No,36552,145.21952,-37.87691,Intersection,KNOX,METROPOLITAN SOUTH EAST REGION,2519312.101,2402664.075,2,1,0,1,0,1,2,0,1,0,1,0,0,0,0,0,0,0,0,1,No,1,2,0,1,0,0,Metropolitan Excluding CBD,Metropolitan Excluding CBD,KNOX,METROPOLITAN SOUTH EAST REGION,,,Arterial Other,"Arterial Other,Local Road",Undivided,Undivided,Metro
-37.78142179,145.2561582,1400,T20100032242,ABS to receive accident,Finished,11-08-2010,18.45.00,Yes,Collision with vehicle,Wednesday,CROSS TRAFFIC(INTERSECTIONS ONLY),No,Dark Street lights on,No,Cross intersection,Other injury accident,60,No,56911,145.25616,-37.78142,Intersection,MAROONDAH,METROPOLITAN SOUTH EAST REGION,2522564.256,2413254.049,2,1,0,0,1,1,0,2,0,0,2,0,0,0,0,0,0,0,0,1,No,0,2,0,2,0,0,Metropolitan Excluding CBD,Metropolitan Excluding CBD,MAROONDAH,METROPOLITAN SOUTH EAST REGION,,,Arterial Other,"Arterial Other,Local Road",Undivided,Undivided,Metro
-37.82999884,144.8083553,1401,T20100032248,ABS to receive accident,Finished,12-08-2010,07.10.00,No,Collision with vehicle,Thursday,RIGHT THROUGH,No,Day,Yes,T intersection,Other injury accident,60,No,38517,144.80836,-37.83,Intersection,WYNDHAM,METROPOLITAN NORTH WEST REGION,2483129.399,2407876.01,2,2,0,0,2,0,1,1,0,0,2,0,0,0,0,0,0,0,0,1,No,0,2,0,2,0,0,Metropolitan Excluding CBD,Metropolitan Excluding CBD,WYNDHAM,METROPOLITAN NORTH WEST REGION,,,Arterial Other,"Arterial Other,Local Road",Undivided,Undivided,Metro
-36.01288808,146.0526782,1402,T20100032249,ABS to receive accident,Finished,12-08-2010,11.25.00,No,Collision with a fixed object,Thursday,OFF LEFT BEND INTO OBJECT/PARKED VEHICLE,No,Day,Yes,Not at intersection,Other injury accident,50,Yes,235783,146.05268,-36.01289,Non-Intersection,MOIRA,NORTH EASTERN REGION,2594895.6,2609002.395,2,1,0,0,1,1,2,0,0,1,1,0,0,0,0,0,0,0,0,0,No,0,1,0,1,0,0,Other Towns,Other Towns,MOIRA,NORTH EASTERN REGION,,,Local Road,Local Road,Undivided,Undivided,Country
-37.82568581,144.9979281,1403,T20100032256,ABS to receive accident,Finished,12-08-2010,13.00.00,No,Collision with vehicle,Thursday,RIGHT THROUGH,No,Day,No,Cross intersection,Serious injury accident,Not known,No,35383,144.99793,-37.82569,Intersection,YARRA,METROPOLITAN NORTH WEST REGION,2499817.596,2408371.683,2,1,0,1,0,1,1,1,1,0,1,0,0,0,0,0,0,0,0,0,No,0,2,0,1,0,0,Metropolitan Excluding CBD,Metropolitan Excluding CBD,YARRA,METROPOLITAN NORTH WEST REGION,,,Arterial Other,Arterial Other,Undivided,Undivided,Metro
-37.82778974,144.9620639,1404,T20100032257,ABS to receive accident,Finished,12-08-2010,12.40.00,No,Collision with vehicle,Wednesday,REAR END(VEHICLES IN SAME LANE),No,Day,No,Cross intersection,Other injury accident,Not known,No,277206,144.96206,-37.82779,Non-Intersection,MELBOURNE,METROPOLITAN NORTH WEST REGION,2496660.366,2408137.51,3,1,0,0,1,2,2,0,0,0,3,0,0,0,0,0,0,0,0,0,No,0,3,0,3,0,0,Metropolitan Excluding CBD,Metropolitan Excluding CBD,MELBOURNE,METROPOLITAN NORTH WEST REGION,,,Arterial Highway,Arterial Highway,Undivided,Undivided,Metro
-37.67536554,145.2022915,1405,T20100032273,ABS to receive accident,Finished,11-08-2010,14.05.00,No,Collision with a fixed object,Wednesday,OFF LEFT BEND INTO OBJECT/PARKED VEHICLE,No,Day,Yes,Not at intersection,Serious injury accident,80,Yes,235786,145.20229,-37.67537,Non-Intersection,NILLUMBIK,METROPOLITAN NORTH WEST REGION,2517844.308,2425035.934,1,1,0,1,0,0,1,0,0,0,1,0,0,0,0,0,0,0,0,1,No,0,1,0,1,0,0,Country,Country,NILLUMBIK,METROPOLITAN NORTH WEST REGION,,,Arterial Other,Arterial Other,Undivided,Undivided,Metro
-37.91138451,144.9913114,1406,T20100032281,ABS to receive accident,Finished,12-08-2010,14.30.00,No,Struck Pedestrian,Thursday,PED STRUCK WALKING TO/FROM OR BOARDING/ALIGHTING VEHICLE.,No,Day,Yes,Not at intersection,Other injury accident,50,No,235788,144.99131,-37.91138,Non-Intersection,BAYSIDE,METROPOLITAN SOUTH EAST REGION,2499235.961,2398859.965,2,1,0,0,1,1,2,0,0,0,1,1,0,0,0,0,0,0,0,0,No,0,1,0,1,0,0,Metropolitan Excluding CBD,Metropolitan Excluding CBD,BAYSIDE,METROPOLITAN SOUTH EAST REGION,,,Local Road,Local Road,Undivided,Undivided,Metro
-36.76162668,144.2938532,1407,T20100032292,ABS to receive accident,Finished,23-07-2010,08.30.00,No,Collision with vehicle,Friday,CROSS TRAFFIC(INTERSECTIONS ONLY),No,Day,No,Cross intersection,Other injury accident,50,No,51630,144.29385,-36.76163,Intersection,BENDIGO,NORTHERN REGION,2436958.617,2526215.837,2,1,0,0,1,1,1,0,1,0,1,0,0,0,0,0,0,0,0,0,No,0,2,0,1,0,0,Large Provincial Cities,Large Provincial Cities,BENDIGO,NORTHERN REGION,,,Local Road,Local Road,Undivided,Undivided,Country
-37.8832061,145.0484135,1408,T20100032293,ABS to receive accident,Finished,12-08-2010,08.50.00,No,Struck Pedestrian,Thursday,PED ON FOOTHPATH STRUCK BY VEHENTERING/LEAVING DRIVEWAY.,No,Day,Yes,Not at intersection,Other injury accident,60,No,235397,145.04841,-37.88321,Non-Intersection,GLEN EIRA,METROPOLITAN SOUTH EAST REGION,2504258.87,2401986.473,3,1,0,0,1,2,1,2,0,1,1,1,0,0,0,0,0,1,0,0,No,0,1,0,1,0,0,Metropolitan Excluding CBD,Metropolitan Excluding CBD,GLEN EIRA,METROPOLITAN SOUTH EAST REGION,,,Arterial Other,Arterial Other,Undivided,Undivided,Metro
-37.70671548,144.8660297,1409,T20100032296,ABS to receive accident,Finished,12-08-2010,12.46.00,No,Collision with vehicle,Thursday,RIGHT NEAR (INTERSECTIONS ONLY),No,Day,Yes,T intersection,Serious injury accident,70,No,36785,144.86603,-37.70672,Intersection,BRIMBANK,METROPOLITAN NORTH WEST REGION,2488187.259,2421567.308,4,1,0,1,0,3,2,2,0,1,3,0,0,0,0,0,0,0,0,1,No,0,3,0,2,0,0,Metropolitan Excluding CBD,Metropolitan Excluding CBD,"HUME,BRIMBANK",METROPOLITAN NORTH WEST REGION,,,Arterial Other,"Arterial Other,Local Road",Undivided,Undivided,Metro
-36.75956008,144.3174311,1410,T20100032303,ABS to receive accident,Finished,12-08-2010,15.20.00,No,Collision with vehicle,Thursday,CROSS TRAFFIC(INTERSECTIONS ONLY),No,Day,Yes,Cross intersection,Other injury accident,60,No,1254,144.31743,-36.75956,Intersection,BENDIGO,NORTHERN REGION,2439061.85,2526460.488,2,1,0,0,1,1,1,1,1,0,1,0,0,0,0,0,0,0,0,0,No,0,2,0,1,0,0,Large Provincial Cities,Large Provincial Cities,BENDIGO,NORTHERN REGION,B,"B,C",Arterial Highway,"Arterial Highway,Arterial Other",Undivided,Undivided,Country
-38.14764595,144.3662351,1411,T20100032307,ABS to receive accident,Finished,12-08-2010,17.14.00,No,Struck Pedestrian,Thursday,ANY MANOEUVRE INVOLVING PED NOT INCLUDED IN DCAs 100-108.,No,Day,Yes,Cross intersection,Other injury accident,50,No,49937,144.36624,-38.14765,Intersection,GEELONG,SOUTH WESTERN REGION,2444444.385,2372450.499,2,1,0,0,1,1,1,1,0,0,1,1,0,0,0,0,0,0,0,0,No,0,1,0,1,0,0,Large Provincial Cities,Large Provincial Cities,GEELONG,SOUTH WESTERN REGION,,,Local Road,Local Road,Undivided,Undivided,Country
-37.8065196,144.9843225,1412,T20100032309,ABS to receive accident,Finished,12-08-2010,08.45.00,No,Collision with vehicle,Thursday,LEFT TURN SIDESWIPE,No,Day,No,Cross intersection,Serious injury accident,Not known,No,36573,144.98432,-37.80652,Intersection,YARRA,METROPOLITAN NORTH WEST REGION,2498619.469,2410498.779,2,1,0,1,0,1,2,0,1,0,1,0,0,0,0,0,0,0,0,0,No,0,2,0,1,0,0,Metropolitan Excluding CBD,Metropolitan Excluding CBD,YARRA,METROPOLITAN NORTH WEST REGION,,,Local Road,Local Road,Undivided,Undivided,Metro
-37.5834972,144.7551169,1413,T20100032314,ABS to receive accident,Finished,07-08-2010,16.00.00,Yes,No collision and no object struck,Saturday,OFF CARRIAGEWAY TO RIGHT,No,Day,No,Not at intersection,Serious injury accident,50,Yes,237634,144.75512,-37.5835,Non-Intersection,HUME,METROPOLITAN NORTH WEST REGION,2478372.43,2435222.56,1,1,0,1,0,0,0,1,0,0,0,0,0,1,0,0,0,0,0,0,No,0,1,0,0,1,0,Small Provincial Cities,Small Provincial Cities,HUME,METROPOLITAN NORTH WEST REGION,,,Local Road,Local Road,Undivided,Undivided,Metro
-37.7536432,144.8070169,1414,T20100032318,ABS to receive accident,Finished,12-08-2010,17.10.00,No,Collision with vehicle,Thursday,REAR END(VEHICLES IN SAME LANE),No,Day,Yes,Not at intersection,Other injury accident,60,No,236415,144.80702,-37.75364,Non-Intersection,BRIMBANK,METROPOLITAN NORTH WEST REGION,2482994.404,2416350.181,2,1,0,0,1,1,1,1,0,0,2,0,0,0,0,0,0,0,0,0,Yes,0,2,0,2,0,0,Metropolitan Excluding CBD,Metropolitan Excluding CBD,BRIMBANK,METROPOLITAN NORTH WEST REGION,,,Arterial Other,Arterial Other,Undivided,Undivided,Metro
-37.80585502,144.9782092,1415,T20100032323,ABS to receive accident,Finished,30-07-2010,16.55.00,Yes,Collision with vehicle,Friday,VEHICLE STRIKES DOOR OF PARKED/STATIONARY VEHICLE,No,Day,No,Not at intersection,Other injury accident,40,No,235790,144.97821,-37.80586,Non-Intersection,YARRA,METROPOLITAN NORTH WEST REGION,2498081.128,2410572.433,2,1,0,0,1,1,1,1,1,0,1,0,0,0,0,0,0,0,0,0,No,0,2,0,1,0,0,Metropolitan Excluding CBD,Metropolitan Excluding CBD,YARRA,METROPOLITAN NORTH WEST REGION,,,Local Road,Local Road,Undivided,Undivided,Metro
-37.88306155,145.2844414,1416,T20100032325,ABS to receive accident,Finished,12-08-2010,17.47.00,No,Collision with vehicle,Thursday,RIGHT NEAR (INTERSECTIONS ONLY),No,Dark Street lights on,Yes,T intersection,Other injury accident,60,No,41935,145.28444,-37.88306,Intersection,KNOX,METROPOLITAN SOUTH EAST REGION,2525021.933,2401966.22,4,1,0,0,1,3,2,2,0,2,2,0,0,0,0,0,0,0,0,0,No,0,2,0,2,0,0,Metropolitan Excluding CBD,Metropolitan Excluding CBD,KNOX,METROPOLITAN SOUTH EAST REGION,,,Arterial Other,"Arterial Other,Local Road",Undivided,Undivided,Metro
-36.78341107,145.1544332,1417,T20100032327,ABS to receive accident,Finished,12-08-2010,18.25.00,Yes,Struck Pedestrian,Thursday,PED NEAR SIDE. PED HIT BY VEHICLE FROM THE RIGHT.,No,Dark Street lights on,Yes,T intersection,Serious injury accident,50,No,237412,145.15443,-36.78341,Intersection,STRATHBOGIE,NORTH EASTERN REGION,2513783.255,2524021.323,2,1,0,1,0,1,2,0,0,0,1,1,0,0,0,0,1,0,0,0,No,0,1,0,1,0,0,Other Towns,Other Towns,STRATHBOGIE,NORTH EASTERN REGION,C,C,Arterial Other,"Arterial Other,Local Road",Undivided,Undivided,Country
-37.81871736,145.0836397,1418,T20100032331,ABS to receive accident,Finished,12-08-2010,18.21.00,Yes,Collision with a fixed object,Thursday,LEFT OFF CARRIAGEWAY INTO OBJECT/PARKED VEHICLE,No,Dark Street lights on,Yes,Not at intersection,Serious injury accident,60,Yes,235828,145.08364,-37.81872,Non-Intersection,BOROONDARA,METROPOLITAN SOUTH EAST REGION,2507363.958,2409141.862,2,2,0,2,0,0,0,2,0,1,1,0,0,0,0,0,0,0,0,1,No,0,1,0,1,0,0,Metropolitan Excluding CBD,Metropolitan Excluding CBD,BOROONDARA,METROPOLITAN SOUTH EAST REGION,,,Local Road,Local Road,Undivided,Undivided,Metro