Latitude,Longitude,OBJECTID,ACCIDENT_NO,ABS_CODE,ACCIDENT_STATUS,ACCIDENT_DATE,ACCIDENT_TIME,ALCOHOLTIME,ACCIDENT_TYPE,DAY_OF_WEEK,DCA_CODE,HIT_RUN_FLAG,LIGHT_CONDITION,POLICE_ATTEND,ROAD_GEOMETRY,SEVERITY,SPEED_ZONE,RUN_OFFROAD,NODE_ID,LONGITUDE,LATITUDE,NODE_TYPE,LGA_NAME,REGION_NAME,VICGRID_X,VICGRID_Y,TOTAL_PERSONS,INJ_OR_FATAL,FATALITY,SERIOUSINJURY,OTHERINJURY,NONINJURED,MALES,FEMALES,BICYCLIST,PASSENGER,DRIVER,PEDESTRIAN,PILLION,MOTORIST,UNKNOWN,PED_CYCLIST_5_12,PED_CYCLIST_13_18,OLD_PEDESTRIAN,OLD_DRIVER,YOUNG_DRIVER,ALCOHOL_RELATED,UNLICENCSED,NO_OF_VEHICLES,HEAVYVEHICLE,PASSENGERVEHICLE,MOTORCYCLE,PUBLICVEHICLE,DEG_URBAN_NAME,DEG_URBAN_ALL,LGA_NAME_ALL,REGION_NAME_ALL,SRNS,SRNS_ALL,RMA,RMA_ALL,DIVIDED,DIVIDED_ALL,STAT_DIV_NAME
-37.82253309,144.9695526,1419,T20100032333,ABS to receive accident,Finished,12-08-2010,18.30.00,Yes,Struck Pedestrian,Thursday,FAR SIDE. PED HIT BY VEHICLE FROM THE LEFT,No,Dark Street lights on,Yes,Not at intersection,Serious injury accident,60,No,235398,144.96955,-37.82253,Non-Intersection,MELBOURNE,METROPOLITAN NORTH WEST REGION,2497319.432,2408721.17,2,1,0,1,0,1,1,1,0,0,0,1,0,1,0,0,0,0,0,0,No,0,1,0,0,1,0,Metropolitan Excluding CBD,Metropolitan Excluding CBD,MELBOURNE,METROPOLITAN NORTH WEST REGION,,,Local Road,Local Road,Undivided,Undivided,Metro
-34.17302098,142.137631,1420,T20100032336,ABS to receive accident,Finished,12-08-2010,18.15.00,Yes,Collision with vehicle,Thursday,RIGHT REAR.,No,Dark Street lights on,Yes,T intersection,Other injury accident,60,No,235996,142.13763,-34.17302,Intersection,MILDURA,WESTERN REGION,2235861.133,2809764.463,3,2,0,0,2,1,2,1,0,0,3,0,0,0,0,0,0,0,0,0,No,0,3,0,3,0,0,Small Provincial Cities,Small Provincial Cities,MILDURA,WESTERN REGION,C,C,Arterial Other,"Arterial Other,Local Road",Undivided,Undivided,Country
-37.79468223,145.0848866,1421,T20100032337,ABS to receive accident,Finished,12-08-2010,14.30.00,No,Collision with vehicle,Thursday,UNKNOWN-NO DETAILS ON MANOEUVRES OF ROAD-USERS IN ACCIDENT,Yes,Day,No,Cross intersection,Other injury accident,60,No,35460,145.08489,-37.79468,Intersection,BOROONDARA,METROPOLITAN SOUTH EAST REGION,2507476.117,2411809.349,2,1,0,0,1,1,1,0,1,0,1,0,0,0,0,0,1,0,0,0,No,0,2,0,1,0,0,Metropolitan Excluding CBD,Metropolitan Excluding CBD,BOROONDARA,METROPOLITAN SOUTH EAST REGION,,,Arterial Other,"Arterial Other,Local Road",Undivided,Undivided,Metro
-37.81858438,144.9991699,1422,T20100032341,ABS to receive accident,Finished,12-08-2010,15.28.00,No,Collision with vehicle,Thursday,RIGHT THROUGH,No,Day,Yes,Cross intersection,Serious injury accident,40,No,37196,144.99917,-37.81858,Intersection,YARRA,METROPOLITAN NORTH WEST REGION,2499926.911,2409159.856,2,1,0,1,0,1,1,1,0,0,1,0,0,1,0,0,0,0,0,0,No,0,2,0,1,1,0,Metropolitan Excluding CBD,Metropolitan Excluding CBD,YARRA,METROPOLITAN NORTH WEST REGION,,,Arterial Other,Arterial Other,Undivided,Undivided,Metro
-37.82291853,145.1229109,1423,T20100032346,ABS to receive accident,Finished,12-08-2010,20.10.00,Yes,Collision with vehicle,Thursday,CROSS TRAFFIC(INTERSECTIONS ONLY),No,Dark Street lights on,Yes,Cross intersection,Serious injury accident,60,No,39323,145.12291,-37.82292,Intersection,WHITEHORSE,METROPOLITAN SOUTH EAST REGION,2510820.936,2408671.834,2,1,0,1,0,1,1,1,0,0,2,0,0,0,0,0,0,0,0,0,No,0,2,0,2,0,0,Metropolitan Excluding CBD,Metropolitan Excluding CBD,WHITEHORSE,METROPOLITAN SOUTH EAST REGION,,,Arterial Other,"Arterial Other,Local Road",Undivided,Undivided,Metro
-37.81009287,144.9960401,1424,T20100032347,ABS to receive accident,Finished,12-08-2010,16.20.00,No,Collision with a fixed object,Thursday,LEFT OFF CARRIAGEWAY INTO OBJECT/PARKED VEHICLE,No,Day,Yes,T intersection,Serious injury accident,60,Yes,37150,144.99604,-37.81009,Intersection,YARRA,METROPOLITAN NORTH WEST REGION,2499651.314,2410102.299,1,1,0,1,0,0,0,0,0,0,1,0,0,0,0,0,0,0,0,1,No,0,1,0,1,0,0,Metropolitan Excluding CBD,Metropolitan Excluding CBD,YARRA,METROPOLITAN NORTH WEST REGION,,,Arterial Other,"Arterial Other,Local Road",Undivided,Undivided,Metro
-37.73636032,144.9526547,1425,T20100032351,ABS to receive accident,Finished,12-08-2010,17.00.00,No,Collision with vehicle,Thursday,LEFT FAR (INTERSECTIONS ONLY),No,Day,No,Cross intersection,Other injury accident,Not known,No,797,144.95265,-37.73636,Intersection,MORELAND,METROPOLITAN NORTH WEST REGION,2495826.995,2418284.505,2,1,0,0,1,1,1,1,0,0,2,0,0,0,0,0,0,0,0,1,No,0,2,0,2,0,0,Metropolitan Excluding CBD,Metropolitan Excluding CBD,MORELAND,METROPOLITAN NORTH WEST REGION,,,Local Road,Local Road,Undivided,Undivided,Metro
-37.69462662,145.009131,1426,T20100032352,ABS to receive accident,Finished,12-08-2010,17.10.00,No,Collision with vehicle,Thursday,REAR END(VEHICLES IN SAME LANE),No,Dusk/Dawn,Yes,Not at intersection,Other injury accident,60,No,257685,145.00913,-37.69463,Non-Intersection,DAREBIN,METROPOLITAN NORTH WEST REGION,2500805.249,2422917.23,2,1,0,0,1,1,1,1,0,0,2,0,0,0,0,0,0,0,0,1,No,0,2,0,2,0,0,Metropolitan Excluding CBD,Metropolitan Excluding CBD,"WHITTLESEA,DAREBIN",METROPOLITAN NORTH WEST REGION,,,Arterial Other,Arterial Other,Undivided,Undivided,Metro
-37.82715889,145.3360287,1427,T20100032362,ABS to receive accident,Finished,12-08-2010,19.20.00,Yes,collision with some other object,Thursday,STRUCK OBJECT ON CARRIAGEWAY,No,Dark Street lights on,Yes,Not at intersection,Serious injury accident,50,No,235792,145.33603,-37.82716,Non-Intersection,YARRA RANGES,METROPOLITAN SOUTH EAST REGION,2529581.877,2408155.984,1,1,0,1,0,0,1,0,0,0,1,0,0,0,0,0,0,0,0,0,No,0,1,0,1,0,0,Metropolitan Excluding CBD,Metropolitan Excluding CBD,YARRA RANGES,METROPOLITAN SOUTH EAST REGION,,,Local Road,Local Road,Undivided,Undivided,Metro
-37.41197571,147.8346681,1428,T20100032363,ABS to receive accident,Finished,12-08-2010,18.20.00,Yes,Collision with a fixed object,Thursday,LEFT OFF CARRIAGEWAY INTO OBJECT/PARKED VEHICLE,No,Dark No street lights,Yes,Not at intersection,Serious injury accident,100,Yes,235793,147.83467,-37.41198,Non-Intersection,EAST GIPPSLAND,EASTERN REGION,2750881.998,2450549.466,1,1,0,1,0,0,0,1,0,0,1,0,0,0,0,0,0,0,0,1,No,0,1,0,1,0,0,Country,Country,EAST GIPPSLAND,"EASTERN REGION,EASTERN REGION",B,B,Arterial Highway,Arterial Highway,Undivided,Undivided,Country
-37.9158295,145.0176919,1429,T20100032364,ABS to receive accident,Finished,12-08-2010,11.49.00,No,Collision with vehicle,Thursday,LANE CHANGE RIGHT (NOT OVERTAKING),No,Day,Yes,Cross intersection,Other injury accident,80,No,41267,145.01769,-37.91583,Intersection,BAYSIDE,METROPOLITAN SOUTH EAST REGION,2501555.66,2398366.497,2,1,0,0,1,1,1,1,0,0,2,0,0,0,0,0,0,0,0,0,No,0,2,1,1,0,0,Metropolitan Excluding CBD,Metropolitan Excluding CBD,BAYSIDE,METROPOLITAN SOUTH EAST REGION,,,Arterial Highway,"Arterial Highway,Arterial Other",Undivided,Undivided,Metro
-37.80343182,144.8931304,1430,T20100032366,ABS to receive accident,Finished,12-08-2010,22.50.00,Yes,Collision with vehicle,Thursday,LEFT NEAR (INTERSECTIONS ONLY),No,Dark Street lights on,Yes,T intersection,Serious injury accident,60,No,65444,144.89313,-37.80343,Intersection,MARIBYRNONG,METROPOLITAN NORTH WEST REGION,2490588.886,2410836.313,2,1,0,1,0,1,1,1,0,0,2,0,0,0,0,0,0,0,0,1,No,0,2,0,2,0,0,Metropolitan Excluding CBD,Metropolitan Excluding CBD,MARIBYRNONG,METROPOLITAN NORTH WEST REGION,,,Arterial Other,"Arterial Other,Local Road",Undivided,Undivided,Metro
-37.94296158,145.0682518,1431,T20100032367,ABS to receive accident,Finished,12-08-2010,17.09.00,No,Collision with vehicle,Thursday,RIGHT NEAR (INTERSECTIONS ONLY),No,Day,Yes,T intersection,Other injury accident,50,No,42282,145.06825,-37.94296,Intersection,KINGSTON,METROPOLITAN SOUTH EAST REGION,2505999.266,2395353.024,2,1,0,0,1,1,2,0,0,0,1,0,0,1,0,0,0,0,0,0,No,0,2,0,1,1,0,Metropolitan Excluding CBD,Metropolitan Excluding CBD,KINGSTON,METROPOLITAN SOUTH EAST REGION,,,Local Road,Local Road,Undivided,Undivided,Metro
-37.9349705,145.1411493,1432,T20100032370,ABS to receive accident,Finished,12-08-2010,18.30.00,Yes,Collision with vehicle,Thursday,REAR END(VEHICLES IN SAME LANE),No,Dark Street lights on,Yes,Not at intersection,Other injury accident,80,No,235399,145.14115,-37.93497,Non-Intersection,DANDENONG,METROPOLITAN SOUTH EAST REGION,2512408.186,2396232.933,5,2,0,0,2,3,2,3,0,2,3,0,0,0,0,0,0,0,0,1,No,0,3,0,3,0,0,Metropolitan Excluding CBD,Metropolitan Excluding CBD,DANDENONG,METROPOLITAN SOUTH EAST REGION,,,Arterial Other,Arterial Other,Undivided,Undivided,Metro
-37.69380589,144.8851742,1433,T20100032371,ABS to receive accident,Finished,12-08-2010,21.25.00,Yes,Collision with vehicle,Thursday,REAR END(VEHICLES IN SAME LANE),No,Dark No street lights,Yes,Not at intersection,Serious injury accident,100,No,235796,144.88517,-37.69381,Non-Intersection,HUME,METROPOLITAN NORTH WEST REGION,2489873.583,2423002.248,10,1,0,1,0,9,5,4,0,6,4,0,0,0,0,0,0,0,0,2,No,0,4,0,4,0,0,Metropolitan Excluding CBD,Metropolitan Excluding CBD,HUME,METROPOLITAN NORTH WEST REGION,,,Freeway,Freeway,Undivided,Undivided,Metro
-36.02723291,142.0243962,1434,T20100032376,ABS to receive accident,Finished,12-08-2010,23.05.00,Yes,Vehicle overturned (no collision),Thursday,OFF CARRIAGEWAY TO LEFT,No,Dark No street lights,Yes,Not at intersection,Other injury accident,100,Yes,237003,142.0244,-36.02723,Non-Intersection,HINDMARSH,WESTERN REGION,2231846.704,2603744.287,1,1,0,0,1,0,1,0,0,0,1,0,0,0,0,0,0,0,0,0,No,0,1,0,1,0,0,Country,Country,HINDMARSH,WESTERN REGION,C,C,Arterial Other,Arterial Other,Undivided,Undivided,Country
-37.83061361,144.9652032,1435,T20100032377,ABS to receive accident,Finished,13-08-2010,00.27.00,Yes,Collision with vehicle,Friday,CROSS TRAFFIC(INTERSECTIONS ONLY),No,Dark Street lights on,Yes,Cross intersection,Other injury accident,60,No,29460,144.9652,-37.83061,Intersection,MELBOURNE,METROPOLITAN NORTH WEST REGION,2496936.838,2407824.2,2,1,0,0,1,1,2,0,0,0,2,0,0,0,0,0,0,0,0,0,No,0,2,0,2,0,0,Metropolitan Excluding CBD,Metropolitan Excluding CBD,MELBOURNE,METROPOLITAN NORTH WEST REGION,,,Arterial Highway,"Arterial Highway,Local Road",Undivided,Undivided,Metro
-37.74916195,145.0361056,1436,T20100032381,ABS to receive accident,Finished,13-08-2010,01.43.00,Yes,Collision with a fixed object,Friday,RIGHT OFF CARRIAGEWAY INTO OBJECT/PARKED VEHICLE,No,Dark Street lights on,Yes,Cross intersection,Other injury accident,60,Yes,48743,145.03611,-37.74916,Intersection,BANYULE,METROPOLITAN NORTH WEST REGION,2503181.804,2416864.163,1,1,0,0,1,0,1,0,0,0,1,0,0,0,0,0,0,0,0,1,No,0,1,0,1,0,0,Metropolitan Excluding CBD,Metropolitan Excluding CBD,BANYULE,METROPOLITAN NORTH WEST REGION,,,Arterial Highway,"Arterial Highway,Local Road",Undivided,Undivided,Metro
-37.62996463,144.9306618,1437,T20100032392,ABS to receive accident,Finished,12-08-2010,15.30.00,No,Collision with vehicle,Thursday,REAR END(VEHICLES IN SAME LANE),No,Day,Yes,Not at intersection,Other injury accident,60,No,245822,144.93066,-37.62996,Non-Intersection,HUME,METROPOLITAN NORTH WEST REGION,2493879.944,2430091.268,6,3,0,0,3,3,4,2,0,3,3,0,0,0,0,0,0,0,0,0,No,0,3,0,2,0,0,Metropolitan Excluding CBD,Metropolitan Excluding CBD,HUME,METROPOLITAN NORTH WEST REGION,,,Local Road,Local Road,Undivided,Undivided,Metro
-37.75633381,144.739664,1438,T20100032395,ABS to receive accident,Finished,13-08-2010,06.30.00,No,Collision with vehicle,Friday,OTHER SAME DIRECTION-MANOUEVRES NOT INCLUDED IN DCAs 130-137,No,Dusk/Dawn,Yes,Cross intersection,Serious injury accident,80,No,26587,144.73966,-37.75633,Intersection,MELTON,METROPOLITAN NORTH WEST REGION,2477060.122,2416037.435,3,1,0,1,0,2,3,0,0,0,3,0,0,0,0,0,0,0,0,1,No,0,3,1,2,0,0,Country,Country,MELTON,METROPOLITAN NORTH WEST REGION,,,Freeway,"Freeway,Arterial Other",Undivided,Undivided,Metro
-38.39145278,142.8108572,1439,T20100032396,ABS to receive accident,Finished,13-08-2010,06.20.00,No,Collision with a fixed object,Friday,OFF RIGHT BEND INTO OBJECT/PARKED VEHICLE,No,Dark No street lights,Yes,Not at intersection,Other injury accident,100,Yes,238105,142.81086,-38.39145,Non-Intersection,MOYNE,SOUTH WESTERN REGION,2308738.293,2343370.785,1,1,0,0,1,0,1,0,0,0,1,0,0,0,0,0,0,0,0,1,No,0,1,0,0,0,0,Country,Country,MOYNE,SOUTH WESTERN REGION,C,C,Arterial Other,Arterial Other,Undivided,Undivided,Country
-37.86700927,145.2605226,1440,T20100032402,ABS to receive accident,Finished,18-07-2010,22.00.00,Yes,Collision with a fixed object,Sunday,LEFT OFF CARRIAGEWAY INTO OBJECT/PARKED VEHICLE,No,Dark No street lights,No,Not at intersection,Other injury accident,50,Yes,235797,145.26052,-37.86701,Non-Intersection,KNOX,METROPOLITAN SOUTH EAST REGION,2522922.708,2403753.88,2,1,0,0,1,1,0,2,0,1,1,0,0,0,0,0,0,0,0,1,No,0,1,0,1,0,0,Metropolitan Excluding CBD,Metropolitan Excluding CBD,KNOX,METROPOLITAN SOUTH EAST REGION,,,Local Road,Local Road,Undivided,Undivided,Metro
-34.17706909,142.1597321,1441,T20100032412,ABS to receive accident,Finished,13-08-2010,07.30.00,No,Collision with a fixed object,Friday,OFF RIGHT BEND INTO OBJECT/PARKED VEHICLE,No,Day,No,Not at intersection,Other injury accident,50,Yes,241682,142.15973,-34.17707,Non-Intersection,MILDURA,WESTERN REGION,2237913.426,2809376.239,2,1,0,0,1,1,1,1,0,1,1,0,0,0,0,0,0,0,0,1,Yes,0,1,0,1,0,0,Small Provincial Cities,Small Provincial Cities,MILDURA,WESTERN REGION,,,Local Road,Local Road,Undivided,Undivided,Country
-36.75901505,144.3083198,1442,T20100032413,ABS to receive accident,Finished,13-08-2010,08.35.00,No,Collision with vehicle,Friday,RIGHT NEAR (INTERSECTIONS ONLY),No,Day,Yes,T intersection,Other injury accident,70,No,59705,144.30832,-36.75902,Intersection,BENDIGO,NORTHERN REGION,2438247.992,2526515.091,3,1,0,0,1,2,2,1,0,1,2,0,0,0,0,0,0,0,0,0,No,1,2,0,2,0,0,Large Provincial Cities,Large Provincial Cities,BENDIGO,NORTHERN REGION,B,B,Arterial Highway,"Arterial Highway,Local Road",Undivided,Undivided,Country
-37.98817774,145.2143986,1443,T20100032414,ABS to receive accident,Finished,13-08-2010,10.30.00,No,Struck Pedestrian,Friday,PED PLAYING/LYING/WORKING/STANDING ON CARRIAGEWAY.,No,Day,Yes,Cross intersection,Other injury accident,40,No,35315,145.2144,-37.98818,Intersection,DANDENONG,METROPOLITAN SOUTH EAST REGION,2518834.097,2390315.213,2,1,0,0,1,1,2,0,0,0,1,1,0,0,0,0,0,0,0,0,No,0,1,0,1,0,0,Metropolitan Excluding CBD,Metropolitan Excluding CBD,DANDENONG,METROPOLITAN SOUTH EAST REGION,,,Arterial Highway,"Arterial Highway,Local Road",Undivided,Undivided,Metro
-38.03567889,145.2671583,1444,T20100032417,ABS to receive accident,Finished,13-08-2010,10.24.00,No,Collision with vehicle,Friday,RIGHT THROUGH,No,Day,Yes,Cross intersection,Other injury accident,60,No,43287,145.26716,-38.03568,Intersection,CASEY,METROPOLITAN SOUTH EAST REGION,2523454.028,2385031.021,2,1,0,0,1,1,1,1,0,0,2,0,0,0,0,0,0,0,0,0,No,0,2,1,1,0,0,Metropolitan Excluding CBD,Metropolitan Excluding CBD,CASEY,METROPOLITAN SOUTH EAST REGION,,,Arterial Other,"Arterial Other,Local Road",Undivided,Undivided,Metro
-37.98767382,145.1178848,1445,T20100032421,ABS to receive accident,Finished,12-08-2010,20.15.00,Yes,Collision with vehicle,Thursday,RIGHT NEAR (INTERSECTIONS ONLY),No,Dark Street lights on,No,T intersection,Serious injury accident,80,No,70662,145.11788,-37.98767,Intersection,KINGSTON,METROPOLITAN SOUTH EAST REGION,2510355.803,2390385.942,3,3,0,1,2,0,1,2,0,1,2,0,0,0,0,0,0,0,0,0,Yes,0,2,0,2,0,0,Metropolitan Excluding CBD,Metropolitan Excluding CBD,KINGSTON,METROPOLITAN SOUTH EAST REGION,,,Arterial Highway,"Arterial Highway,Local Road",Undivided,Undivided,Metro
-37.84724398,144.8094147,1446,T20100032425,ABS to receive accident,Finished,13-08-2010,06.45.00,No,Collision with vehicle,Friday,REAR END(VEHICLES IN SAME LANE),No,Day,No,Cross intersection,Other injury accident,80,No,39892,144.80941,-37.84724,Intersection,HOBSONS BAY,METROPOLITAN NORTH WEST REGION,2483226.494,2405962.191,2,1,0,0,1,1,2,0,0,0,2,0,0,0,0,0,0,0,0,0,No,0,2,0,2,0,0,Metropolitan Excluding CBD,Metropolitan Excluding CBD,HOBSONS BAY,METROPOLITAN NORTH WEST REGION,,,Arterial Other,"Arterial Other,Local Road",Undivided,Undivided,Metro
-37.7964699,145.1265499,1447,T20100032426,ABS to receive accident,Finished,12-08-2010,17.30.00,No,Collision with vehicle,Thursday,REAR END(VEHICLES IN SAME LANE),No,Dusk/Dawn,No,Not at intersection,Other injury accident,60,No,239028,145.12655,-37.79647,Non-Intersection,MANNINGHAM,METROPOLITAN SOUTH EAST REGION,2511145.215,2411606.868,7,1,0,0,1,6,2,5,0,3,4,0,0,0,0,0,0,0,0,0,No,0,4,0,4,0,0,Metropolitan Excluding CBD,Metropolitan Excluding CBD,MANNINGHAM,METROPOLITAN SOUTH EAST REGION,,,Arterial Other,Arterial Other,Undivided,Undivided,Metro
-37.8862622,145.0220916,1448,T20100032427,ABS to receive accident,Finished,13-08-2010,12.30.00,No,Struck Pedestrian,Friday,PED EMERGES FROM IN FRONT OF PARKED OR STATIONARY VEHICLE,No,Day,Yes,Not at intersection,Serious injury accident,60,No,235422,145.02209,-37.88626,Non-Intersection,GLEN EIRA,METROPOLITAN SOUTH EAST REGION,2501943.29,2401648.133,2,1,0,1,0,1,1,1,0,0,1,1,0,0,0,0,0,0,0,0,No,0,1,0,1,0,0,Metropolitan Excluding CBD,Metropolitan Excluding CBD,GLEN EIRA,METROPOLITAN SOUTH EAST REGION,,,Arterial Other,Arterial Other,Undivided,Undivided,Metro
-37.82745953,145.2834133,1449,T20100032429,ABS to receive accident,Finished,05-08-2010,17.50.00,No,Collision with vehicle,Thursday,REAR END(VEHICLES IN SAME LANE),No,Day,No,Not at intersection,Other injury accident,70,No,89220,145.28341,-37.82746,Non-Intersection,MAROONDAH,METROPOLITAN SOUTH EAST REGION,2524949.864,2408137.686,2,1,0,0,1,1,1,1,0,0,2,0,0,0,0,0,0,0,0,1,No,0,2,0,2,0,0,Metropolitan Excluding CBD,Metropolitan Excluding CBD,MAROONDAH,METROPOLITAN SOUTH EAST REGION,,,Arterial Other,Arterial Other,Undivided,Undivided,Metro
-37.79884041,145.1421773,1450,T20100032431,ABS to receive accident,Finished,13-08-2010,07.25.00,No,Vehicle overturned (no collision),Friday,OUT OF CONTROL ON CARRIAGEWAY (ON STRAIGHT),No,Day,Yes,Multiple intersection,Serious injury accident,60,No,122018,145.14218,-37.79884,Intersection,WHITEHORSE,METROPOLITAN SOUTH EAST REGION,2512521.126,2411341.831,1,1,0,1,0,0,1,0,0,0,0,0,0,1,0,0,0,0,0,0,No,0,1,0,0,1,0,Metropolitan Excluding CBD,Metropolitan Excluding CBD,WHITEHORSE,METROPOLITAN SOUTH EAST REGION,M,M,Freeway,"Freeway,Arterial Other",Undivided,Undivided,Metro
-37.68430545,144.5681911,1451,T20100032432,ABS to receive accident,Finished,11-08-2010,14.30.00,No,Collision with vehicle,Wednesday,CROSS TRAFFIC(INTERSECTIONS ONLY),No,Day,No,Cross intersection,Serious injury accident,60,No,997,144.56819,-37.68431,Intersection,MELTON,METROPOLITAN NORTH WEST REGION,2461914.366,2423976.355,3,1,0,1,0,2,1,2,0,1,2,0,0,0,0,0,0,0,0,0,No,0,2,0,2,0,0,Small Provincial Cities,Small Provincial Cities,MELTON,METROPOLITAN NORTH WEST REGION,C,C,Arterial Other,"Arterial Other,Local Road",Undivided,Undivided,Metro
-37.81218543,145.2475395,1452,T20100032433,ABS to receive accident,Finished,13-08-2010,09.06.00,No,Struck Pedestrian,Friday,PED ON FOOTHPATH STRUCK BY VEHENTERING/LEAVING DRIVEWAY.,No,Day,Yes,T intersection,Other injury accident,50,No,39688,145.24754,-37.81219,Intersection,MAROONDAH,METROPOLITAN SOUTH EAST REGION,2521796.182,2409841.722,2,1,0,0,1,1,0,2,0,0,1,1,0,0,0,0,0,1,0,0,No,0,1,0,1,0,0,Metropolitan Excluding CBD,Metropolitan Excluding CBD,MAROONDAH,METROPOLITAN SOUTH EAST REGION,,,Local Road,Local Road,Undivided,Undivided,Metro
-37.76987059,145.2886642,1453,T20100032441,ABS to receive accident,Finished,13-08-2010,10.00.00,No,Collision with vehicle,Friday,PULLING OUT (OVERTAKING),No,Day,Yes,Cross intersection,Serious injury accident,50,No,54916,145.28866,-37.76987,Intersection,MAROONDAH,METROPOLITAN SOUTH EAST REGION,2525431.501,2414527.866,2,1,0,1,0,1,1,1,0,0,1,0,0,1,0,0,0,0,0,0,No,0,2,0,1,1,0,Metropolitan Excluding CBD,Metropolitan Excluding CBD,MAROONDAH,METROPOLITAN SOUTH EAST REGION,,,Local Road,Local Road,Undivided,Undivided,Metro
-38.16055202,146.2619791,1454,T20100032448,ABS to receive accident,Finished,13-08-2010,14.30.00,No,Collision with a fixed object,Friday,RIGHT OFF CARRIAGEWAY INTO OBJECT/PARKED VEHICLE,No,Day,No,Not at intersection,Other injury accident,80,Yes,236269,146.26198,-38.16055,Non-Intersection,LATROBE,EASTERN REGION,2610603.249,2370469.69,1,1,0,0,1,0,0,1,0,0,1,0,0,0,0,0,0,0,1,0,No,0,1,0,1,0,0,Country,Country,LATROBE,"EASTERN REGION,EASTERN REGION",C,C,Arterial Other,Arterial Other,Undivided,Undivided,Country
-38.18568592,146.247362,1455,T20100032450,ABS to receive accident,Finished,13-08-2010,11.55.00,No,Struck Pedestrian,Friday,ANY MANOEUVRE INVOLVING PED NOT INCLUDED IN DCAs 100-108.,No,Day,Yes,Not at intersection,Serious injury accident,110,No,236928,146.24736,-38.18569,Non-Intersection,LATROBE,EASTERN REGION,2609285.682,2367696.797,6,1,0,1,0,5,4,2,0,2,3,1,0,0,0,0,0,0,0,2,No,0,4,1,3,0,0,Small Provincial Cities,Small Provincial Cities,LATROBE,"EASTERN REGION,EASTERN REGION",M,M,Freeway,Freeway,Undivided,Undivided,Country
-38.1063213,145.2912035,1456,T20100032464,ABS to receive accident,Finished,13-08-2010,15.35.00,No,Struck Pedestrian,Friday,FAR SIDE. PED HIT BY VEHICLE FROM THE LEFT,No,Day,Yes,Not at intersection,Serious injury accident,60,No,235800,145.2912,-38.10632,Non-Intersection,CASEY,METROPOLITAN SOUTH EAST REGION,2525540.984,2377183.538,3,1,0,1,0,2,2,1,0,1,1,1,0,0,0,1,0,0,0,0,No,0,1,0,1,0,0,Metropolitan Excluding CBD,Metropolitan Excluding CBD,CASEY,METROPOLITAN SOUTH EAST REGION,C,C,Arterial Other,Arterial Other,Undivided,Undivided,Metro
-36.77125051,144.289845,1457,T20100032465,ABS to receive accident,Finished,10-08-2010,19.40.00,Yes,Collision with vehicle,Tuesday,VEHICLE COLLIDES WITH VEHICLE PARKED ON LEFT OF ROAD,No,Dark No street lights,No,T intersection,Other injury accident,50,No,235801,144.28984,-36.77125,Intersection,BENDIGO,NORTHERN REGION,2436608.751,2525145.37,2,1,0,0,1,1,1,1,0,1,1,0,0,0,0,0,0,0,0,1,No,0,2,0,2,0,0,Large Provincial Cities,Large Provincial Cities,BENDIGO,NORTHERN REGION,,,Local Road,Local Road,Undivided,Undivided,Country
-38.1465637,145.1649141,1458,T20100032467,ABS to receive accident,Finished,13-08-2010,15.24.00,No,Collision with a fixed object,Friday,LEFT OFF CARRIAGEWAY INTO OBJECT/PARKED VEHICLE,No,Day,Yes,Not at intersection,Other injury accident,50,Yes,236417,145.16491,-38.14656,Non-Intersection,FRANKSTON,METROPOLITAN SOUTH EAST REGION,2514456.623,2372743.035,2,1,0,0,1,1,1,1,0,1,1,0,0,0,0,0,0,0,1,0,No,0,2,0,2,0,0,Metropolitan Excluding CBD,Metropolitan Excluding CBD,FRANKSTON,METROPOLITAN SOUTH EAST REGION,,,Local Road,Local Road,Undivided,Undivided,Metro
-37.3288686,145.1507401,1459,T20100032477,ABS to receive accident,Finished,13-08-2010,14.15.00,No,collision with some other object,Friday,LEFT OFF CARRIAGEWAY INTO OBJECT/PARKED VEHICLE,No,Day,No,Not at intersection,Other injury accident,100,Yes,235802,145.15074,-37.32887,Non-Intersection,MITCHELL,NORTHERN REGION,2513357.805,2463496.688,1,1,0,0,1,0,0,1,0,0,0,0,0,1,0,0,0,0,0,0,No,0,1,0,0,1,0,Country,Country,MITCHELL,NORTHERN REGION,,,Local Road,Local Road,Undivided,Undivided,Country