Latitude,Longitude,OBJECTID,ACCIDENT_NO,ABS_CODE,ACCIDENT_STATUS,ACCIDENT_DATE,ACCIDENT_TIME,ALCOHOLTIME,ACCIDENT_TYPE,DAY_OF_WEEK,DCA_CODE,HIT_RUN_FLAG,LIGHT_CONDITION,POLICE_ATTEND,ROAD_GEOMETRY,SEVERITY,SPEED_ZONE,RUN_OFFROAD,NODE_ID,LONGITUDE,LATITUDE,NODE_TYPE,LGA_NAME,REGION_NAME,VICGRID_X,VICGRID_Y,TOTAL_PERSONS,INJ_OR_FATAL,FATALITY,SERIOUSINJURY,OTHERINJURY,NONINJURED,MALES,FEMALES,BICYCLIST,PASSENGER,DRIVER,PEDESTRIAN,PILLION,MOTORIST,UNKNOWN,PED_CYCLIST_5_12,PED_CYCLIST_13_18,OLD_PEDESTRIAN,OLD_DRIVER,YOUNG_DRIVER,ALCOHOL_RELATED,UNLICENCSED,NO_OF_VEHICLES,HEAVYVEHICLE,PASSENGERVEHICLE,MOTORCYCLE,PUBLICVEHICLE,DEG_URBAN_NAME,DEG_URBAN_ALL,LGA_NAME_ALL,REGION_NAME_ALL,SRNS,SRNS_ALL,RMA,RMA_ALL,DIVIDED,DIVIDED_ALL,STAT_DIV_NAME
-38.15419923,145.1845695,1543,T20100032881,ABS to receive accident,Finished,16-08-2010,08.30.00,No,Struck Pedestrian,Monday,FAR SIDE. PED HIT BY VEHICLE FROM THE LEFT,No,Day,Yes,T intersection,Other injury accident,80,No,43549,145.18457,-38.1542,Intersection,FRANKSTON,METROPOLITAN SOUTH EAST REGION,2516177.996,2371892.294,2,1,0,0,1,1,1,1,0,0,1,1,0,0,0,0,0,0,0,0,No,0,1,0,1,0,0,Metropolitan Excluding CBD,Metropolitan Excluding CBD,FRANKSTON,METROPOLITAN SOUTH EAST REGION,,,Arterial Other,"Arterial Other,Local Road",Undivided,Undivided,Metro
-38.36332016,143.4529146,1544,T20100032888,ABS to receive accident,Finished,15-08-2010,14.20.00,No,Collision with a fixed object,Sunday,RIGHT OFF CARRIAGEWAY INTO OBJECT/PARKED VEHICLE,No,Day,Yes,Not at intersection,Fatal accident,100,Yes,235342,143.45291,-38.36332,Non-Intersection,COLAC OTWAY,SOUTH WESTERN REGION,2364777.049,2347594.411,27,3,1,1,1,24,10,16,0,26,1,0,0,0,0,0,0,0,0,0,No,0,1,0,0,0,1,Country,Country,COLAC OTWAY,SOUTH WESTERN REGION,C,C,Arterial Other,Arterial Other,Undivided,Undivided,Country
-37.8813827,145.2844827,1545,T20100032889,ABS to receive accident,Finished,16-08-2010,13.48.00,No,Collision with vehicle,Monday,HEAD ON (NOT OVERTAKING),No,Day,Yes,Not at intersection,Serious injury accident,60,No,238328,145.28448,-37.88138,Non-Intersection,KNOX,METROPOLITAN SOUTH EAST REGION,2525026.118,2402152.544,3,1,0,1,0,2,3,0,0,0,3,0,0,0,0,0,0,0,1,1,No,0,3,0,3,0,0,Metropolitan Excluding CBD,Metropolitan Excluding CBD,KNOX,METROPOLITAN SOUTH EAST REGION,,,Arterial Other,Arterial Other,Undivided,Undivided,Metro
-37.99892236,145.2840993,1546,T20100032900,ABS to receive accident,Finished,16-08-2010,16.21.00,No,Collision with vehicle,Monday,REAR END(VEHICLES IN SAME LANE),No,Day,Yes,Not at intersection,Other injury accident,100,No,235880,145.2841,-37.99892,Non-Intersection,CASEY,METROPOLITAN SOUTH EAST REGION,2524953.458,2389106.576,4,1,0,0,1,3,3,1,0,0,4,0,0,0,0,0,0,0,0,3,No,0,4,0,4,0,0,Metropolitan Excluding CBD,Metropolitan Excluding CBD,CASEY,METROPOLITAN SOUTH EAST REGION,M,M,Freeway,Freeway,Undivided,Undivided,Metro
-37.94581505,145.2058991,1547,T20100032904,ABS to receive accident,Finished,16-08-2010,18.00.00,Yes,Collision with vehicle,Sunday,REAR END(VEHICLES IN SAME LANE),Yes,Dusk/Dawn,Yes,Not at intersection,Other injury accident,100,No,277334,145.2059,-37.94582,Non-Intersection,DANDENONG,METROPOLITAN SOUTH EAST REGION,2518097.621,2395018.887,2,1,0,0,1,1,2,0,0,0,2,0,0,0,0,0,0,0,0,0,No,1,2,0,2,0,0,Metropolitan Excluding CBD,Metropolitan Excluding CBD,DANDENONG,METROPOLITAN SOUTH EAST REGION,M,M,Freeway,Freeway,Undivided,Undivided,Metro
-37.67929436,145.014016,1548,T20100032926,ABS to receive accident,Finished,16-08-2010,15.40.00,No,Collision with vehicle,Monday,RIGHT NEAR (INTERSECTIONS ONLY),No,Day,Yes,T intersection,Other injury accident,60,No,37644,145.01402,-37.67929,Intersection,WHITTLESEA,METROPOLITAN NORTH WEST REGION,2501236.298,2424618.777,3,2,0,0,2,1,1,2,0,1,2,0,0,0,0,0,0,0,0,1,No,0,2,0,2,0,0,Metropolitan Excluding CBD,Metropolitan Excluding CBD,WHITTLESEA,METROPOLITAN NORTH WEST REGION,,,Arterial Other,"Arterial Other,Local Road",Undivided,Undivided,Metro
-37.8442838,144.8826166,1549,T20100032938,ABS to receive accident,Finished,21-07-2010,09.00.00,No,Fall from or in moving vehicle,Wednesday,FELL IN/FROM VEHICLE,Yes,Day,Yes,Not at intersection,Serious injury accident,50,No,236200,144.88262,-37.84428,Non-Intersection,HOBSONS BAY,METROPOLITAN NORTH WEST REGION,2489668.617,2406301.158,2,1,0,1,0,1,1,1,0,0,1,0,0,0,1,0,0,0,0,0,No,1,1,0,1,0,0,Metropolitan Excluding CBD,Metropolitan Excluding CBD,HOBSONS BAY,METROPOLITAN NORTH WEST REGION,,,Local Road,Local Road,Undivided,Undivided,Metro
-38.09660825,145.8368046,1550,T20100032941,ABS to receive accident,Finished,16-08-2010,05.20.00,Yes,Collision with vehicle,Monday,RIGHT THROUGH,No,Dark No street lights,Yes,Multiple intersection,Other injury accident,80,No,53823,145.8368,-38.09661,Non-Intersection,BAW BAW,EASTERN REGION,2573403.403,2377978.16,4,3,0,0,3,1,2,2,0,2,2,0,0,0,0,0,0,0,0,0,No,0,2,0,2,0,0,Other Towns,Other Towns,BAW BAW,"EASTERN REGION,EASTERN REGION",C,C,Arterial Other,Arterial Other,Undivided,Undivided,Country
-37.8090119,145.2229023,1551,T20100032942,ABS to receive accident,Finished,16-08-2010,01.00.00,Yes,Struck Pedestrian,Monday,PED PLAYING/LYING/WORKING/STANDING ON CARRIAGEWAY.,No,Dark Street lights on,Yes,Not at intersection,Serious injury accident,50,No,236428,145.2229,-37.80901,Non-Intersection,MAROONDAH,METROPOLITAN SOUTH EAST REGION,2519627.673,2410199.301,3,2,0,1,1,1,2,1,0,0,1,2,0,0,0,0,0,0,0,0,No,1,2,0,2,0,0,Metropolitan Excluding CBD,Metropolitan Excluding CBD,MAROONDAH,METROPOLITAN SOUTH EAST REGION,,,Local Road,Local Road,Undivided,Undivided,Metro
-37.72747779,144.9502053,1552,T20100032946,ABS to receive accident,Finished,16-08-2010,23.58.00,Yes,Collision with vehicle,Monday,RIGHT THROUGH,No,Dark Street lights on,Yes,Cross intersection,Serious injury accident,60,No,47285,144.95021,-37.72748,Intersection,MORELAND,METROPOLITAN NORTH WEST REGION,2495610.591,2419270.21,3,3,0,1,2,0,2,1,0,1,2,0,0,0,0,0,0,0,0,0,No,0,2,0,2,0,0,Metropolitan Excluding CBD,Metropolitan Excluding CBD,MORELAND,METROPOLITAN NORTH WEST REGION,,,Local Road,Local Road,Undivided,Undivided,Metro
-37.87028176,144.7607461,1553,T20100032947,ABS to receive accident,Finished,28-07-2010,19.30.00,Yes,Struck Pedestrian,Wednesday,PED NEAR SIDE. PED HIT BY VEHICLE FROM THE RIGHT.,No,Dark No street lights,No,Multiple intersection,Other injury accident,40,No,54809,144.76075,-37.87028,Intersection,HOBSONS BAY,METROPOLITAN NORTH WEST REGION,2478949.579,2403395.58,2,1,0,0,1,1,0,1,0,0,1,1,0,0,0,0,1,0,0,0,No,0,1,0,1,0,0,Metropolitan Excluding CBD,Metropolitan Excluding CBD,HOBSONS BAY,METROPOLITAN NORTH WEST REGION,M,M,Freeway,"Freeway,Arterial Other",Undivided,Undivided,Metro
-37.90429791,145.0427947,1554,T20100032950,ABS to receive accident,Finished,17-08-2010,03.55.00,Yes,Collision with a fixed object,Tuesday,RIGHT OFF CARRIAGEWAY INTO OBJECT/PARKED VEHICLE,No,Dark Street lights on,Yes,Not at intersection,Other injury accident,70,Yes,129243,145.04279,-37.9043,Non-Intersection,GLEN EIRA,METROPOLITAN SOUTH EAST REGION,2503763.539,2399645.708,1,1,0,0,1,0,0,1,0,0,1,0,0,0,0,0,0,0,0,1,No,0,1,0,1,0,0,Metropolitan Excluding CBD,Metropolitan Excluding CBD,GLEN EIRA,METROPOLITAN SOUTH EAST REGION,,,Arterial Highway,Arterial Highway,Undivided,Undivided,Metro
-37.7205702,144.8915636,1555,T20100032952,ABS to receive accident,Finished,16-08-2010,17.00.00,No,Collision with vehicle,Monday,LEFT REAR,No,Day,Yes,T intersection,Serious injury accident,60,No,62473,144.89156,-37.72057,Intersection,MOONEE VALLEY,METROPOLITAN NORTH WEST REGION,2490440.437,2420032.54,4,1,0,1,0,3,2,1,0,1,3,0,0,0,0,0,0,0,0,1,No,0,3,0,3,0,0,Metropolitan Excluding CBD,Metropolitan Excluding CBD,MOONEE VALLEY,METROPOLITAN NORTH WEST REGION,,,Local Road,Local Road,Undivided,Undivided,Metro
-37.79795216,145.136442,1556,T20100032957,ABS to receive accident,Finished,15-08-2010,13.35.00,No,Collision with a fixed object,Sunday,RIGHT OFF CARRIAGEWAY INTO OBJECT/PARKED VEHICLE,No,Day,Yes,Not at intersection,Other injury accident,60,Yes,235901,145.13644,-37.79795,Non-Intersection,WHITEHORSE,METROPOLITAN SOUTH EAST REGION,2512016.174,2411441.154,1,1,0,0,1,0,0,1,0,0,1,0,0,0,0,0,0,0,0,0,No,0,1,0,1,0,0,Metropolitan Excluding CBD,Metropolitan Excluding CBD,WHITEHORSE,METROPOLITAN SOUTH EAST REGION,M,M,Freeway,Freeway,Undivided,Undivided,Metro
-37.8739409,145.1669121,1557,T20100032963,ABS to receive accident,Finished,13-07-2010,19.30.00,Yes,Collision with a fixed object,Tuesday,LEFT OFF CARRIAGEWAY INTO OBJECT/PARKED VEHICLE,No,Dark Street lights on,No,Not at intersection,Other injury accident,70,Yes,93268,145.16691,-37.87394,Non-Intersection,MONASH,METROPOLITAN SOUTH EAST REGION,2514684.826,2403003.031,3,1,0,0,1,2,0,3,0,2,1,0,0,0,0,0,0,0,0,0,No,0,1,0,1,0,0,Metropolitan Excluding CBD,Metropolitan Excluding CBD,MONASH,METROPOLITAN SOUTH EAST REGION,,,Arterial Highway,Arterial Highway,Undivided,Undivided,Metro
-37.80297011,144.9972007,1558,T20100032964,ABS to receive accident,Finished,17-08-2010,08.07.00,No,Collision with vehicle,Tuesday,RIGHT THROUGH,No,Day,Yes,Cross intersection,Other injury accident,40,No,36712,144.9972,-37.80297,Intersection,YARRA,METROPOLITAN NORTH WEST REGION,2499753.487,2410892.835,2,1,0,0,1,1,2,0,1,0,1,0,0,0,0,0,0,0,0,0,No,0,2,0,1,0,0,Metropolitan Excluding CBD,Metropolitan Excluding CBD,YARRA,METROPOLITAN NORTH WEST REGION,,,Local Road,Local Road,Undivided,Undivided,Metro
-38.12010956,145.1465087,1559,T20100032967,ABS to receive accident,Finished,16-08-2010,10.30.00,No,Collision with vehicle,Monday,REAR END(VEHICLES IN SAME LANE),No,Day,Yes,Not at intersection,Other injury accident,80,No,235903,145.14651,-38.12011,Non-Intersection,FRANKSTON,METROPOLITAN SOUTH EAST REGION,2512847.694,2375682.181,2,1,0,0,1,1,1,1,0,0,2,0,0,0,0,0,0,0,0,1,No,0,2,0,2,0,0,Metropolitan Excluding CBD,Metropolitan Excluding CBD,FRANKSTON,METROPOLITAN SOUTH EAST REGION,,,Arterial Highway,Arterial Highway,Undivided,Undivided,Metro
-37.7683124,144.9619091,1560,T20100032977,ABS to receive accident,Finished,17-08-2010,08.30.00,No,Collision with vehicle,Tuesday,RIGHT THROUGH,No,Day,No,Not at intersection,Other injury accident,40,No,235904,144.96191,-37.76831,Non-Intersection,MORELAND,METROPOLITAN NORTH WEST REGION,2496644.096,2414738.687,2,1,0,0,1,1,2,0,1,0,1,0,0,0,0,0,0,0,0,0,No,0,2,0,1,0,0,Metropolitan Excluding CBD,Metropolitan Excluding CBD,MORELAND,METROPOLITAN NORTH WEST REGION,,,Arterial Other,Arterial Other,Undivided,Undivided,Metro
-37.8962729,144.9947015,1561,T20100032979,ABS to receive accident,Finished,17-08-2010,08.48.00,No,Collision with vehicle,Tuesday,CROSS TRAFFIC(INTERSECTIONS ONLY),No,Day,Yes,Cross intersection,Other injury accident,50,No,41157,144.9947,-37.89627,Intersection,BAYSIDE,METROPOLITAN SOUTH EAST REGION,2499533.983,2400537.248,3,2,0,0,2,1,2,1,0,1,2,0,0,0,0,0,0,0,0,1,No,0,2,0,2,0,0,Metropolitan Excluding CBD,Metropolitan Excluding CBD,BAYSIDE,METROPOLITAN SOUTH EAST REGION,,,Local Road,Local Road,Undivided,Undivided,Metro
-37.7955062,144.949828,1562,T20100032981,ABS to receive accident,Finished,17-08-2010,10.40.00,No,Struck Pedestrian,Tuesday,FAR SIDE. PED HIT BY VEHICLE FROM THE LEFT,No,Day,Yes,Not at intersection,Serious injury accident,60,No,235905,144.94983,-37.79551,Non-Intersection,MELBOURNE,METROPOLITAN NORTH WEST REGION,2495581.308,2411720.069,2,1,0,1,0,1,1,1,0,0,1,1,0,0,0,0,1,0,0,0,No,0,1,0,1,0,0,Metropolitan Excluding CBD,Metropolitan Excluding CBD,MELBOURNE,METROPOLITAN NORTH WEST REGION,,,Arterial Other,Arterial Other,Undivided,Undivided,Metro
-37.83089063,144.8685846,1563,T20100032985,ABS to receive accident,Finished,17-08-2010,08.35.00,No,Collision with vehicle,Tuesday,CROSS TRAFFIC(INTERSECTIONS ONLY),No,Day,No,Cross intersection,Other injury accident,60,No,46253,144.86858,-37.83089,Intersection,HOBSONS BAY,METROPOLITAN NORTH WEST REGION,2488431.554,2407786.029,2,1,0,0,1,1,2,0,1,0,1,0,0,0,0,0,0,0,0,0,No,0,2,0,1,0,0,Metropolitan Excluding CBD,Metropolitan Excluding CBD,HOBSONS BAY,METROPOLITAN NORTH WEST REGION,,,Local Road,Local Road,Undivided,Undivided,Metro
-37.89363277,146.8714116,1564,T20100032993,ABS to receive accident,Finished,15-08-2010,10.30.00,No,No collision and no object struck,Sunday,OTHER ACCIDENTS-OFF STRAIGHT NOT INCLUDED IN DCAs 170-175,No,Day,No,Not at intersection,Other injury accident,Not known,No,235906,146.87141,-37.89363,Non-Intersection,WELLINGTON,EASTERN REGION,2664592.167,2399212.49,1,1,0,0,1,0,1,0,0,0,0,0,0,1,0,0,0,0,0,0,No,0,1,0,0,1,0,Country,Country,WELLINGTON,"EASTERN REGION,EASTERN REGION",,,Local Road,Local Road,Undivided,Undivided,Country
-37.64249889,144.9438066,1565,T20100032997,ABS to receive accident,Finished,16-08-2010,14.40.00,No,Collision with vehicle,Monday,REAR END(VEHICLES IN SAME LANE),No,Day,Yes,Not at intersection,Other injury accident,70,No,235910,144.94381,-37.6425,Non-Intersection,HUME,METROPOLITAN NORTH WEST REGION,2495040.975,2428700.986,3,1,0,0,1,2,3,0,0,0,3,0,0,0,0,0,0,0,0,0,No,0,3,0,3,0,0,Metropolitan Excluding CBD,Metropolitan Excluding CBD,HUME,METROPOLITAN NORTH WEST REGION,,,Arterial Other,Arterial Other,Undivided,Undivided,Metro
-37.75987037,144.7493961,1566,T20100032998,ABS to receive accident,Finished,17-08-2010,12.15.00,No,Struck Pedestrian,Tuesday,PED PLAYING/LYING/WORKING/STANDING ON CARRIAGEWAY.,Yes,Day,Yes,Not at intersection,Other injury accident,40,No,238882,144.7494,-37.75987,Non-Intersection,MELTON,METROPOLITAN NORTH WEST REGION,2477918.709,2415647.234,2,1,0,0,1,1,1,0,0,0,1,1,0,0,0,0,0,0,0,0,No,0,1,0,1,0,0,Metropolitan Excluding CBD,Metropolitan Excluding CBD,MELTON,METROPOLITAN NORTH WEST REGION,,,Arterial Other,Arterial Other,Undivided,Undivided,Metro
-37.77058182,144.8299245,1567,T20100033001,ABS to receive accident,Finished,17-08-2010,11.45.00,No,Collision with vehicle,Tuesday,HEAD ON (NOT OVERTAKING),No,Day,Yes,Not at intersection,Other injury accident,60,No,64055,144.82992,-37.77058,Intersection,BRIMBANK,METROPOLITAN NORTH WEST REGION,2485016.364,2414474.102,5,4,0,0,4,1,3,2,0,3,2,0,0,0,0,0,0,0,0,0,No,0,2,1,1,0,0,Metropolitan Excluding CBD,Metropolitan Excluding CBD,BRIMBANK,METROPOLITAN NORTH WEST REGION,,,Arterial Other,"Arterial Other,Local Road",Undivided,Undivided,Metro
-36.74847213,145.9885126,1568,T20100033010,ABS to receive accident,Finished,12-08-2010,10.00.00,No,Collision with a fixed object,Wednesday,OTHER ACCIDENTS NOT CLASSIFIABLE ELSEWHERE,No,Day,No,Not at intersection,Serious injury accident,100,No,285916,145.98851,-36.74847,Non-Intersection,BENALLA,NORTH EASTERN REGION,2588264.024,2527450.986,2,2,0,2,0,0,1,1,0,0,1,1,0,0,0,0,0,0,0,0,No,0,1,0,0,0,0,Country,Country,BENALLA,NORTH EASTERN REGION,,,Local Road,Local Road,Undivided,Undivided,Country
-38.1992871,146.542855,1569,T20100033016,ABS to receive accident,Finished,17-08-2010,12.50.00,No,Struck Pedestrian,Tuesday,PED ON FOOTHPATH STRUCK BY VEHENTERING/LEAVING DRIVEWAY.,No,Day,Yes,T intersection,Serious injury accident,50,No,242502,146.54285,-38.19929,Intersection,LATROBE,EASTERN REGION,2635148.326,2365807.776,2,1,0,1,0,1,0,2,0,0,1,1,0,0,0,0,0,1,0,0,No,0,1,0,1,0,0,Small Provincial Cities,Small Provincial Cities,LATROBE,"EASTERN REGION,EASTERN REGION",,,Local Road,Local Road,Undivided,Undivided,Country
-37.88639617,144.6776862,1570,T20100033023,ABS to receive accident,Finished,17-08-2010,07.45.00,No,Collision with vehicle,Tuesday,VEHICLE COLLIDES WITH VEHICLE PARKED ON LEFT OF ROAD,No,Day,No,T intersection,Other injury accident,50,No,235912,144.67769,-37.8864,Intersection,WYNDHAM,METROPOLITAN NORTH WEST REGION,2471647.751,2401585.493,1,1,0,0,1,0,0,1,0,0,1,0,0,0,0,0,0,0,0,1,No,0,2,0,2,0,0,Metropolitan Excluding CBD,Metropolitan Excluding CBD,WYNDHAM,METROPOLITAN NORTH WEST REGION,,,Local Road,Local Road,Undivided,Undivided,Metro
-38.17674514,145.2869043,1571,T20100033024,ABS to receive accident,Finished,17-08-2010,12.20.00,No,Collision with vehicle,Tuesday,HEAD ON (NOT OVERTAKING),No,Day,Yes,Not at intersection,Serious injury accident,80,No,237636,145.2869,-38.17675,Non-Intersection,CASEY,METROPOLITAN SOUTH EAST REGION,2525140.346,2369367.37,3,3,0,2,1,0,2,1,0,1,2,0,0,0,0,0,0,0,0,1,No,0,2,0,2,0,0,Country,Country,CASEY,METROPOLITAN SOUTH EAST REGION,,,Local Road,Local Road,Undivided,Undivided,Metro
-38.01532086,145.3282022,1572,T20100033026,ABS to receive accident,Finished,17-08-2010,12.40.00,No,Collision with vehicle,Tuesday,RIGHT NEAR (INTERSECTIONS ONLY),No,Day,Yes,T intersection,Other injury accident,70,No,229680,145.3282,-38.01532,Intersection,CASEY,METROPOLITAN SOUTH EAST REGION,2528820.888,2387273.948,2,1,0,0,1,1,1,1,1,0,1,0,0,0,0,0,0,0,0,0,No,0,2,0,1,0,0,Metropolitan Excluding CBD,Metropolitan Excluding CBD,CASEY,METROPOLITAN SOUTH EAST REGION,,,Local Road,Local Road,Undivided,Undivided,Metro
-37.7425598,145.0226137,1573,T20100033030,ABS to receive accident,Finished,17-08-2010,13.20.00,No,Collision with vehicle,Tuesday,CROSS TRAFFIC(INTERSECTIONS ONLY),No,Day,Yes,Cross intersection,Other injury accident,60,No,44460,145.02261,-37.74256,Intersection,DAREBIN,METROPOLITAN NORTH WEST REGION,2501993.006,2417597.264,2,1,0,0,1,1,1,1,0,0,2,0,0,0,0,0,0,0,0,0,No,0,2,0,2,0,0,Metropolitan Excluding CBD,Metropolitan Excluding CBD,DAREBIN,METROPOLITAN NORTH WEST REGION,,,Arterial Highway,"Arterial Highway,Local Road",Undivided,Undivided,Metro
-37.81770618,144.9665684,1574,T20100033032,ABS to receive accident,Finished,17-08-2010,15.50.00,No,Struck Pedestrian,Tuesday,PED EMERGES FROM IN FRONT OF PARKED OR STATIONARY VEHICLE,No,Day,Yes,Not at intersection,Serious injury accident,50,No,74935,144.96657,-37.81771,Non-Intersection,MELBOURNE,METROPOLITAN NORTH WEST REGION,2497056.514,2409256.809,2,1,0,1,0,1,0,2,0,0,1,1,0,0,0,0,0,0,0,0,No,0,1,0,0,0,1,Metropolitan CBD Only,"Metropolitan Excluding CBD,Metropolitan CBD Only",MELBOURNE,METROPOLITAN NORTH WEST REGION,,,Local Road,Local Road,Undivided,Undivided,Metro
-37.71696124,145.0431731,1575,T20100033033,ABS to receive accident,Finished,17-08-2010,10.23.00,No,Collision with a fixed object,Tuesday,LEFT OFF CARRIAGEWAY INTO OBJECT/PARKED VEHICLE,Yes,Day,Yes,Cross intersection,Serious injury accident,70,Yes,225644,145.04317,-37.71696,Intersection,DAREBIN,METROPOLITAN NORTH WEST REGION,2503806.247,2420437.655,1,1,0,1,0,0,1,0,0,0,1,0,0,0,0,0,0,0,0,0,No,0,1,0,1,0,0,Metropolitan Excluding CBD,Metropolitan Excluding CBD,DAREBIN,METROPOLITAN NORTH WEST REGION,,,Arterial Highway,"Arterial Highway,Arterial Other",Undivided,Undivided,Metro
-37.7741453,144.9609276,1576,T20100033051,ABS to receive accident,Finished,17-08-2010,17.56.00,No,Collision with vehicle,Tuesday,REAR END(VEHICLES IN SAME LANE),No,Dark Street lights on,Yes,Not at intersection,Other injury accident,60,No,236817,144.96093,-37.77415,Non-Intersection,MORELAND,METROPOLITAN NORTH WEST REGION,2496557.889,2414091.286,3,1,0,0,1,2,2,1,0,0,2,0,0,1,0,0,0,0,0,0,No,0,3,0,2,1,0,Metropolitan Excluding CBD,Metropolitan Excluding CBD,MORELAND,METROPOLITAN NORTH WEST REGION,,,Arterial Other,Arterial Other,Undivided,Undivided,Metro
-37.90082062,145.1054678,1577,T20100033053,ABS to receive accident,Finished,17-08-2010,17.40.00,No,Collision with vehicle,Tuesday,RIGHT THROUGH,No,Dusk/Dawn,Yes,Cross intersection,Other injury accident,60,No,41640,145.10547,-37.90082,Intersection,MONASH,METROPOLITAN SOUTH EAST REGION,2509275.689,2400027.365,2,1,0,0,1,1,2,0,0,0,2,0,0,0,0,0,0,0,0,0,No,0,2,0,2,0,0,Metropolitan Excluding CBD,Metropolitan Excluding CBD,MONASH,METROPOLITAN SOUTH EAST REGION,,,Arterial Highway,"Arterial Highway,Local Road,Arterial Other",Undivided,Undivided,Metro
-37.6603496,145.0305932,1578,T20100033058,ABS to receive accident,Finished,17-08-2010,17.30.00,No,Collision with vehicle,Tuesday,REAR END(VEHICLES IN SAME LANE),No,Day,No,Not at intersection,Serious injury accident,40,No,236429,145.03059,-37.66035,Non-Intersection,WHITTLESEA,METROPOLITAN NORTH WEST REGION,2502699.189,2426720.941,3,1,0,1,0,2,2,1,0,1,2,0,0,0,0,0,0,0,0,0,No,0,2,0,2,0,0,Metropolitan Excluding CBD,Metropolitan Excluding CBD,WHITTLESEA,METROPOLITAN NORTH WEST REGION,,,Arterial Other,Arterial Other,Undivided,Undivided,Metro
-37.88935012,145.271074,1579,T20100033062,ABS to receive accident,Finished,15-08-2010,01.45.00,Yes,Struck Pedestrian,Sunday,VEH STRIKES PED ON FOOTPATH/MEDIAN/TRAFFIC ISLAND.,No,Dark Street lights on,Yes,Cross intersection,Other injury accident,50,No,240116,145.27107,-37.88935,Intersection,KNOX,METROPOLITAN SOUTH EAST REGION,2523844.039,2401271.68,4,3,0,0,3,1,3,0,0,0,1,3,0,0,0,0,0,0,0,0,No,0,1,0,1,0,0,Metropolitan Excluding CBD,Metropolitan Excluding CBD,KNOX,METROPOLITAN SOUTH EAST REGION,,,Local Road,Local Road,Undivided,Undivided,Metro
-38.34108248,144.9629716,1580,T20100033080,ABS to receive accident,Finished,17-08-2010,18.30.00,Yes,Collision with vehicle,Tuesday,VEHICLE COLLIDES WITH VEHICLE PARKED ON LEFT OF ROAD,No,Dark Street lights on,Yes,Not at intersection,Serious injury accident,50,No,239131,144.96297,-38.34108,Non-Intersection,MORNINGTON PENINSULA,METROPOLITAN SOUTH EAST REGION,2496762.43,2351161.317,1,1,0,1,0,0,1,0,0,0,1,0,0,0,0,0,0,0,1,0,No,0,2,0,1,0,0,Metropolitan Excluding CBD,Metropolitan Excluding CBD,MORNINGTON PENINSULA,METROPOLITAN SOUTH EAST REGION,,,Local Road,Local Road,Undivided,Undivided,Metro
-37.83505168,145.0610561,1581,T20100033082,ABS to receive accident,Finished,16-08-2010,14.00.00,No,Collision with vehicle,Monday,LEFT TURN SIDESWIPE,No,Day,Yes,Multiple intersection,Other injury accident,60,No,66687,145.06106,-37.83505,Intersection,BOROONDARA,METROPOLITAN SOUTH EAST REGION,2505374.453,2407330.463,3,1,0,0,1,2,3,0,0,1,1,0,0,1,0,0,0,0,0,0,No,0,2,0,1,1,0,Metropolitan Excluding CBD,Metropolitan Excluding CBD,BOROONDARA,METROPOLITAN SOUTH EAST REGION,,,Arterial Other,"Arterial Other,Local Road",Undivided,Undivided,Metro
-38.34087133,143.6013165,1582,T20100033089,ABS to receive accident,Finished,17-08-2010,21.55.00,Yes,Collision with vehicle,Tuesday,CROSS TRAFFIC(INTERSECTIONS ONLY),No,Dark Street lights on,Yes,Cross intersection,Serious injury accident,60,No,73512,143.60132,-38.34087,Intersection,COLAC OTWAY,SOUTH WESTERN REGION,2377710.512,2350287.03,2,1,0,1,0,1,1,1,0,0,1,0,0,1,0,0,0,0,0,1,Yes,0,2,0,1,1,0,Small Provincial Cities,Small Provincial Cities,COLAC OTWAY,SOUTH WESTERN REGION,C,C,Arterial Other,"Arterial Other,Local Road",Undivided,Undivided,Country
-37.75274644,145.6940785,1583,T20100033093,ABS to receive accident,Finished,18-08-2010,00.40.00,Yes,Collision with a fixed object,Wednesday,OFF RIGHT BEND INTO OBJECT/PARKED VEHICLE,No,Dark Street lights on,Yes,Not at intersection,Serious injury accident,50,Yes,236473,145.69408,-37.75275,Non-Intersection,YARRA RANGES,METROPOLITAN SOUTH EAST REGION,2561162.162,2416243.984,1,1,0,1,0,0,1,0,0,0,1,0,0,0,0,0,0,0,0,1,Yes,1,1,0,1,0,0,Other Towns,Other Towns,YARRA RANGES,METROPOLITAN SOUTH EAST REGION,B,B,Arterial Highway,Arterial Highway,Undivided,Undivided,Metro