Latitude,Longitude,OBJECTID,ACCIDENT_NO,ABS_CODE,ACCIDENT_STATUS,ACCIDENT_DATE,ACCIDENT_TIME,ALCOHOLTIME,ACCIDENT_TYPE,DAY_OF_WEEK,DCA_CODE,HIT_RUN_FLAG,LIGHT_CONDITION,POLICE_ATTEND,ROAD_GEOMETRY,SEVERITY,SPEED_ZONE,RUN_OFFROAD,NODE_ID,LONGITUDE,LATITUDE,NODE_TYPE,LGA_NAME,REGION_NAME,VICGRID_X,VICGRID_Y,TOTAL_PERSONS,INJ_OR_FATAL,FATALITY,SERIOUSINJURY,OTHERINJURY,NONINJURED,MALES,FEMALES,BICYCLIST,PASSENGER,DRIVER,PEDESTRIAN,PILLION,MOTORIST,UNKNOWN,PED_CYCLIST_5_12,PED_CYCLIST_13_18,OLD_PEDESTRIAN,OLD_DRIVER,YOUNG_DRIVER,ALCOHOL_RELATED,UNLICENCSED,NO_OF_VEHICLES,HEAVYVEHICLE,PASSENGERVEHICLE,MOTORCYCLE,PUBLICVEHICLE,DEG_URBAN_NAME,DEG_URBAN_ALL,LGA_NAME_ALL,REGION_NAME_ALL,SRNS,SRNS_ALL,RMA,RMA_ALL,DIVIDED,DIVIDED_ALL,STAT_DIV_NAME
-37.71706532,145.0104381,1708,T20100033664,ABS to receive accident,Finished,21-08-2010,16.10.00,Yes,Collision with vehicle,Saturday,CROSS TRAFFIC(INTERSECTIONS ONLY),No,Day,Yes,Cross intersection,Other injury accident,60,No,228525,145.01044,-37.71707,Intersection,DAREBIN,METROPOLITAN NORTH WEST REGION,2500920.243,2420426.916,4,1,0,0,1,3,3,1,0,2,2,0,0,0,0,0,0,0,0,0,No,0,2,0,2,0,0,Metropolitan Excluding CBD,Metropolitan Excluding CBD,DAREBIN,METROPOLITAN NORTH WEST REGION,,,Arterial Other,"Arterial Other,Local Road",Undivided,Undivided,Metro
-37.79285882,144.9739609,1709,T20100033666,ABS to receive accident,Finished,21-08-2010,15.45.00,Yes,Collision with vehicle,Saturday,LANE CHANGE RIGHT (NOT OVERTAKING),Yes,Day,No,Not at intersection,Other injury accident,Not known,No,241779,144.97396,-37.79286,Non-Intersection,MELBOURNE,METROPOLITAN NORTH WEST REGION,2497706.633,2412014.742,2,1,0,0,1,1,2,0,0,0,2,0,0,0,0,0,0,0,0,0,No,0,2,0,2,0,0,Metropolitan Excluding CBD,Metropolitan Excluding CBD,"YARRA,MELBOURNE",METROPOLITAN NORTH WEST REGION,,,Arterial Other,Arterial Other,Undivided,Undivided,Metro
-38.06782471,145.2673411,1710,T20100033668,ABS to receive accident,Finished,21-08-2010,14.40.00,Yes,Collision with a fixed object,Saturday,RIGHT OFF CARRIAGEWAY INTO OBJECT/PARKED VEHICLE,Yes,Day,Yes,Not at intersection,Serious injury accident,80,Yes,238106,145.26734,-38.06782,Non-Intersection,CASEY,METROPOLITAN SOUTH EAST REGION,2523460.055,2381462.828,5,2,0,2,0,3,3,2,0,1,4,0,0,0,0,0,0,0,0,0,No,0,4,0,4,0,0,Metropolitan Excluding CBD,Metropolitan Excluding CBD,CASEY,METROPOLITAN SOUTH EAST REGION,M,M,Arterial Highway,Arterial Highway,Undivided,Undivided,Metro
-38.16052552,144.3502997,1711,T20100033676,ABS to receive accident,Finished,21-08-2010,17.45.00,Yes,Collision with vehicle,Saturday,RIGHT THROUGH,No,Dusk/Dawn,Yes,Cross intersection,Other injury accident,70,No,33419,144.3503,-38.16053,Intersection,GEELONG,SOUTH WESTERN REGION,2443057.266,2371011.419,5,1,0,0,1,4,2,3,0,3,2,0,0,0,0,0,0,0,0,1,No,0,2,0,2,0,0,Large Provincial Cities,Large Provincial Cities,GEELONG,SOUTH WESTERN REGION,A,"A,C",Arterial Highway,"Arterial Highway,Arterial Other",Undivided,Undivided,Country
-38.15313404,145.1719702,1712,T20100033682,ABS to receive accident,Finished,21-08-2010,17.05.00,Yes,Collision with vehicle,Saturday,RIGHT REAR.,No,Day,Yes,T intersection,Other injury accident,60,No,43545,145.17197,-38.15313,Intersection,FRANKSTON,METROPOLITAN SOUTH EAST REGION,2515073.849,2372012.603,2,2,0,0,2,0,0,2,0,0,2,0,0,0,0,0,0,0,0,1,No,0,2,0,2,0,0,Metropolitan Excluding CBD,Metropolitan Excluding CBD,FRANKSTON,METROPOLITAN SOUTH EAST REGION,,,Local Road,Local Road,Undivided,Undivided,Metro
-37.78128979,145.6085524,1713,T20100033685,ABS to receive accident,Finished,21-08-2010,16.40.00,Yes,Collision with vehicle,Saturday,HEAD ON (NOT OVERTAKING),No,Day,Yes,Not at intersection,Serious injury accident,60,No,242504,145.60855,-37.78129,Non-Intersection,YARRA RANGES,METROPOLITAN SOUTH EAST REGION,2553605.466,2413127.724,13,1,0,1,0,12,6,5,0,11,2,0,0,0,0,0,0,0,0,1,No,0,2,0,1,0,1,Other Towns,Other Towns,YARRA RANGES,METROPOLITAN SOUTH EAST REGION,B,B,Arterial Highway,Arterial Highway,Undivided,Undivided,Metro
-38.00844052,145.3104243,1714,T20100033686,ABS to receive accident,Finished,21-08-2010,18.00.00,Yes,No collision and no object struck,Saturday,OUT OF CONTROL ON CARRIAGEWAY (ON STRAIGHT),No,Dusk/Dawn,Yes,Not at intersection,Other injury accident,80,No,235926,145.31042,-38.00844,Non-Intersection,CASEY,METROPOLITAN SOUTH EAST REGION,2527262.231,2388042.878,2,1,0,0,1,1,2,0,0,0,1,0,0,1,0,0,0,0,0,1,No,0,2,0,1,1,0,Metropolitan Excluding CBD,Metropolitan Excluding CBD,CASEY,METROPOLITAN SOUTH EAST REGION,C,C,Arterial Other,Arterial Other,Undivided,Undivided,Metro
-38.10886052,147.089096,1715,T20100033690,ABS to receive accident,Finished,21-08-2010,15.00.00,Yes,Vehicle overturned (no collision),Saturday,OUT OF CONTROL ON CARRIAGEWAY (ON STRAIGHT),No,Day,No,Cross intersection,Other injury accident,50,No,52067,147.0891,-38.10886,Intersection,WELLINGTON,EASTERN REGION,2683210.574,2374930.449,2,1,0,0,1,1,0,1,0,0,1,0,0,1,0,0,0,0,0,0,No,0,2,0,1,1,0,Small Provincial Cities,Small Provincial Cities,WELLINGTON,"EASTERN REGION,EASTERN REGION",,,Local Road,Local Road,Undivided,Undivided,Country
-37.81447553,145.0949126,1716,T20100033694,ABS to receive accident,Finished,21-08-2010,16.30.00,Yes,Collision with vehicle,Saturday,RIGHT NEAR (INTERSECTIONS ONLY),No,Day,No,Cross intersection,Other injury accident,60,No,39198,145.09491,-37.81448,Intersection,BOROONDARA,METROPOLITAN SOUTH EAST REGION,2508356.939,2409611.721,2,1,0,0,1,1,0,2,0,0,2,0,0,0,0,0,0,0,0,1,No,0,2,0,2,0,0,Metropolitan Excluding CBD,Metropolitan Excluding CBD,BOROONDARA,METROPOLITAN SOUTH EAST REGION,,,Arterial Other,"Arterial Other,Local Road",Undivided,Undivided,Metro
-36.83057868,144.4459941,1717,T20100033695,ABS to receive accident,Finished,21-08-2010,18.32.00,Yes,Collision with vehicle,Saturday,RIGHT THROUGH,No,Dark No street lights,Yes,T intersection,Other injury accident,100,No,56084,144.44599,-36.83058,Intersection,BENDIGO,NORTHERN REGION,2450585.366,2518655.105,2,1,0,0,1,1,1,1,0,0,2,0,0,0,0,0,0,0,0,1,No,0,2,0,2,0,0,Country,Country,BENDIGO,NORTHERN REGION,C,C,Arterial Other,"Arterial Other,Local Road",Undivided,Undivided,Country
-36.30612065,146.3626183,1718,T20100033703,ABS to receive accident,Finished,21-08-2010,14.50.00,Yes,Collision with a fixed object,Saturday,LEFT OFF CARRIAGEWAY INTO OBJECT/PARKED VEHICLE,No,Day,Yes,Not at intersection,Serious injury accident,100,Yes,235930,146.36262,-36.30612,Non-Intersection,WANGARATTA,NORTH EASTERN REGION,2622368.342,2576115.046,1,1,0,1,0,0,0,1,0,0,1,0,0,0,0,0,0,0,0,0,No,0,1,0,1,0,0,Country,Country,WANGARATTA,NORTH EASTERN REGION,C,C,Arterial Other,Arterial Other,Undivided,Undivided,Country
-37.76376556,144.965965,1719,T20100033705,ABS to receive accident,Finished,21-08-2010,16.30.00,Yes,Struck Pedestrian,Saturday,PED EMERGES FROM IN FRONT OF PARKED OR STATIONARY VEHICLE,No,Dusk/Dawn,Yes,Not at intersection,Serious injury accident,50,No,235931,144.96597,-37.76377,Non-Intersection,MORELAND,METROPOLITAN NORTH WEST REGION,2497001.249,2415243.454,2,1,0,1,0,1,2,0,0,0,1,1,0,0,0,0,0,1,0,0,No,0,1,0,1,0,0,Metropolitan Excluding CBD,Metropolitan Excluding CBD,MORELAND,METROPOLITAN NORTH WEST REGION,,,Local Road,Local Road,Undivided,Undivided,Metro
-36.74205557,144.1994,1720,T20100033707,ABS to receive accident,Finished,21-08-2010,17.10.00,Yes,Collision with vehicle,Saturday,CROSS TRAFFIC(INTERSECTIONS ONLY),No,Day,Yes,Cross intersection,Serious injury accident,80,No,59575,144.1994,-36.74206,Intersection,BENDIGO,NORTHERN REGION,2428508.207,2528320.587,15,15,0,6,9,0,1,14,0,13,2,0,0,0,0,0,0,0,0,1,No,0,2,0,1,0,1,Country,Country,BENDIGO,NORTHERN REGION,A,A,Arterial Highway,"Arterial Highway,Local Road",Undivided,Undivided,Country
-37.22355879,145.0619841,1721,T20100033712,ABS to receive accident,Finished,21-08-2010,00.30.00,Yes,Collision with a fixed object,Saturday,RIGHT OFF CARRIAGEWAY INTO OBJECT/PARKED VEHICLE,No,Dark No street lights,Yes,Not at intersection,Other injury accident,110,Yes,235932,145.06198,-37.22356,Non-Intersection,MITCHELL,NORTHERN REGION,2505500.318,2475191.415,1,1,0,0,1,0,1,0,0,0,1,0,0,0,0,0,0,0,0,0,No,0,1,0,1,0,0,Other Towns,"Other Towns,Country",MITCHELL,NORTHERN REGION,M,M,Freeway,Freeway,Undivided,Undivided,Country
-37.16620312,141.5973436,1722,T20100033713,ABS to receive accident,Finished,21-08-2010,21.00.00,Yes,Collision with a fixed object,Saturday,RIGHT OFF CARRIAGEWAY INTO OBJECT/PARKED VEHICLE,No,Dark No street lights,Yes,Not at intersection,Other injury accident,100,Yes,235933,141.59734,-37.1662,Non-Intersection,SOUTHERN GRAMPIANS,SOUTH WESTERN REGION,2197893.3,2476158.134,2,2,0,0,2,0,0,2,0,1,1,0,0,0,0,0,0,0,0,1,No,1,1,0,1,0,0,Country,Country,SOUTHERN GRAMPIANS,SOUTH WESTERN REGION,C,C,Arterial Other,Arterial Other,Undivided,Undivided,Country
-37.81745307,144.967438,1723,T20100033722,ABS to receive accident,Finished,22-08-2010,01.48.00,Yes,Struck Pedestrian,Sunday,ANY MANOEUVRE INVOLVING PED NOT INCLUDED IN DCAs 100-108.,No,Dark Street lights on,Yes,Cross intersection,Serious injury accident,50,No,238,144.96744,-37.81745,Intersection,MELBOURNE,METROPOLITAN NORTH WEST REGION,2497133.066,2409284.927,2,1,0,1,0,1,2,0,0,0,1,1,0,0,0,0,0,0,0,0,No,0,1,0,1,0,0,Metropolitan CBD Only,"Metropolitan Excluding CBD,Metropolitan CBD Only",MELBOURNE,METROPOLITAN NORTH WEST REGION,,,Local Road,Local Road,Undivided,Undivided,Metro
-37.91159601,145.1033939,1724,T20100033723,ABS to receive accident,Finished,22-08-2010,00.54.00,Yes,Collision with a fixed object,Sunday,OFF RIGHT BEND INTO OBJECT/PARKED VEHICLE,Yes,Dark Street lights on,Yes,Multiple intersection,Other injury accident,50,Yes,55660,145.10339,-37.9116,Non-Intersection,MONASH,METROPOLITAN SOUTH EAST REGION,2509091.997,2398831.588,3,1,0,0,1,2,1,0,0,1,1,0,0,1,0,0,0,0,0,0,No,0,2,0,1,1,0,Metropolitan Excluding CBD,Metropolitan Excluding CBD,MONASH,METROPOLITAN SOUTH EAST REGION,,,Arterial Highway,"Arterial Highway,Arterial Other",Undivided,Undivided,Metro
-37.68469823,144.5808035,1725,T20100033725,ABS to receive accident,Finished,22-08-2010,02.50.00,Yes,Struck Pedestrian,Sunday,FAR SIDE. PED HIT BY VEHICLE FROM THE LEFT,Yes,Dark Street lights unknown,No,Not at intersection,Other injury accident,50,No,235934,144.5808,-37.6847,Non-Intersection,MELTON,METROPOLITAN NORTH WEST REGION,2463026.965,2423937.736,2,1,0,0,1,1,2,0,0,0,1,1,0,0,0,0,1,0,0,0,No,0,1,0,1,0,0,Small Provincial Cities,Small Provincial Cities,MELTON,METROPOLITAN NORTH WEST REGION,,,Local Road,Local Road,Undivided,Undivided,Metro
-37.81588347,145.0596398,1726,T20100033729,ABS to receive accident,Finished,22-08-2010,01.58.00,Yes,Vehicle overturned (no collision),Sunday,OUT OF CONTROL ON CARRIAGEWAY (ON STRAIGHT),No,Dark Street lights on,Yes,T intersection,Serious injury accident,60,No,39038,145.05964,-37.81588,Intersection,BOROONDARA,METROPOLITAN SOUTH EAST REGION,2505251.115,2409457.979,1,1,0,1,0,0,1,0,0,0,1,0,0,0,0,0,0,0,0,1,Yes,0,1,0,1,0,0,Metropolitan Excluding CBD,Metropolitan Excluding CBD,BOROONDARA,METROPOLITAN SOUTH EAST REGION,,,Arterial Other,"Arterial Other,Local Road",Undivided,Undivided,Metro
-37.7638316,144.8221447,1727,T20100033732,ABS to receive accident,Finished,21-08-2010,23.10.00,Yes,Collision with vehicle,Saturday,VEHICLE COLLIDES WITH VEHICLE PARKED ON LEFT OF ROAD,No,Dark No street lights,Yes,Not at intersection,Other injury accident,50,No,237896,144.82214,-37.76383,Non-Intersection,BRIMBANK,METROPOLITAN NORTH WEST REGION,2484329.57,2415222.022,1,1,0,0,1,0,1,0,0,0,1,0,0,0,0,0,0,0,0,0,No,0,2,0,2,0,0,Metropolitan Excluding CBD,Metropolitan Excluding CBD,BRIMBANK,METROPOLITAN NORTH WEST REGION,,,Local Road,Local Road,Undivided,Undivided,Metro
-37.69972785,145.1130692,1728,T20100033739,ABS to receive accident,Finished,22-08-2010,05.25.00,Yes,Collision with a fixed object,Sunday,RIGHT OFF CARRIAGEWAY INTO OBJECT/PARKED VEHICLE,No,Dark Street lights on,Yes,Not at intersection,Other injury accident,60,Yes,235935,145.11307,-37.69973,Non-Intersection,BANYULE,METROPOLITAN NORTH WEST REGION,2509970.725,2422345.202,1,1,0,0,1,0,1,0,0,0,1,0,0,0,0,0,0,0,0,1,No,0,1,0,1,0,0,Metropolitan Excluding CBD,Metropolitan Excluding CBD,BANYULE,METROPOLITAN NORTH WEST REGION,,,Arterial Other,Arterial Other,Undivided,Undivided,Metro
-37.82980012,144.9643983,1729,T20100033741,ABS to receive accident,Finished,22-08-2010,05.50.00,Yes,Collision with vehicle,Sunday,REAR END(VEHICLES IN SAME LANE),No,Dark Street lights on,Yes,Not at intersection,Serious injury accident,60,No,140647,144.9644,-37.8298,Non-Intersection,MELBOURNE,METROPOLITAN NORTH WEST REGION,2496865.949,2407914.461,8,1,0,1,0,7,2,6,0,4,4,0,0,0,0,0,0,0,0,4,No,0,4,0,4,0,0,Metropolitan Excluding CBD,Metropolitan Excluding CBD,MELBOURNE,METROPOLITAN NORTH WEST REGION,,,Arterial Highway,Arterial Highway,Undivided,Undivided,Metro
-37.744538,144.8630456,1730,T20100033742,ABS to receive accident,Finished,22-08-2010,02.20.00,Yes,Collision with a fixed object,Sunday,RIGHT OFF CARRIAGEWAY INTO OBJECT/PARKED VEHICLE,No,Dark Street lights on,Yes,Not at intersection,Fatal accident,60,Yes,235474,144.86305,-37.74454,Non-Intersection,MOONEE VALLEY,METROPOLITAN NORTH WEST REGION,2487930.174,2417369.27,2,2,1,1,0,0,1,1,0,1,1,0,0,0,0,0,0,0,0,1,Yes,0,1,0,1,0,0,Metropolitan Excluding CBD,Metropolitan Excluding CBD,MOONEE VALLEY,METROPOLITAN NORTH WEST REGION,,,Arterial Other,Arterial Other,Undivided,Undivided,Metro
-36.65485659,144.5494776,1731,T20100033743,ABS to receive accident,Finished,22-08-2010,08.30.00,Yes,Collision with a fixed object,Sunday,OFF LEFT BEND INTO OBJECT/PARKED VEHICLE,No,Day,Yes,Not at intersection,Other injury accident,100,Yes,235936,144.54948,-36.65486,Non-Intersection,CAMPASPE,NORTHERN REGION,2459723.248,2538201.21,1,1,0,0,1,0,1,0,0,0,1,0,0,0,0,0,0,0,0,0,Yes,0,1,0,1,0,0,Country,Country,CAMPASPE,NORTHERN REGION,,,Local Road,Local Road,Undivided,Undivided,Country
-37.87597515,145.0481743,1732,T20100033750,ABS to receive accident,Finished,22-08-2010,08.13.00,Yes,Struck Pedestrian,Sunday,PED NEAR SIDE. PED HIT BY VEHICLE FROM THE RIGHT.,No,Day,Yes,Cross intersection,Serious injury accident,60,No,29648,145.04817,-37.87598,Intersection,STONNINGTON,METROPOLITAN SOUTH EAST REGION,2504238.236,2402789.05,2,1,0,1,0,1,1,1,0,0,1,1,0,0,0,0,0,1,0,0,No,0,1,0,1,0,0,Metropolitan Excluding CBD,Metropolitan Excluding CBD,STONNINGTON,METROPOLITAN SOUTH EAST REGION,,,Arterial Other,Arterial Other,Undivided,Undivided,Metro
-37.8952949,145.0766223,1733,T20100033751,ABS to receive accident,Finished,22-08-2010,08.25.00,Yes,Collision with vehicle,Sunday,U TURN,No,Day,Yes,Not at intersection,Serious injury accident,60,No,236440,145.07662,-37.89529,Non-Intersection,GLEN EIRA,METROPOLITAN SOUTH EAST REGION,2506739.278,2400643.098,2,1,0,1,0,1,1,1,0,0,1,0,0,1,0,0,0,0,0,0,No,0,2,0,1,1,0,Metropolitan Excluding CBD,Metropolitan Excluding CBD,"MONASH,GLEN EIRA",METROPOLITAN SOUTH EAST REGION,,,Local Road,Local Road,Undivided,Undivided,Metro
-37.684414,144.883036,1734,T20100033754,ABS to receive accident,Finished,22-08-2010,09.20.00,Yes,Struck Pedestrian,Sunday,PED NEAR SIDE. PED HIT BY VEHICLE FROM THE RIGHT.,No,Day,Yes,Cross intersection,Serious injury accident,70,No,36189,144.88304,-37.68441,Intersection,HUME,METROPOLITAN NORTH WEST REGION,2489683.731,2424044.345,2,1,0,1,0,1,1,1,0,0,1,1,0,0,0,0,0,1,0,0,No,0,1,0,1,0,0,Metropolitan Excluding CBD,Metropolitan Excluding CBD,HUME,METROPOLITAN NORTH WEST REGION,,,Arterial Other,"Arterial Other,Local Road",Undivided,Undivided,Metro
-38.1633057,145.1205943,1735,T20100033756,ABS to receive accident,Finished,22-08-2010,07.10.00,Yes,Collision with vehicle,Sunday,LEFT OFF CARRIAGEWAY INTO OBJECT/PARKED VEHICLE,No,Day,Yes,Not at intersection,Serious injury accident,50,Yes,239438,145.12059,-38.16331,Non-Intersection,FRANKSTON,METROPOLITAN SOUTH EAST REGION,2510569.129,2370890.416,1,1,0,1,0,0,1,0,0,0,1,0,0,0,0,0,0,0,0,1,Yes,0,2,0,2,0,0,Metropolitan Excluding CBD,Metropolitan Excluding CBD,FRANKSTON,METROPOLITAN SOUTH EAST REGION,,,Local Road,Local Road,Undivided,Undivided,Metro
-37.9246119,145.6994276,1736,T20100033757,ABS to receive accident,Finished,21-08-2010,13.50.00,No,Vehicle overturned (no collision),Saturday,OUT OF CONTROL ON CARRIAGEWAY (ON BEND),No,Day,Yes,Not at intersection,Serious injury accident,80,No,235999,145.69943,-37.92461,Non-Intersection,CARDINIA,METROPOLITAN SOUTH EAST REGION,2561493.371,2397165.967,1,1,0,1,0,0,1,0,0,0,0,0,0,1,0,0,0,0,0,0,No,0,1,0,0,1,0,Country,Country,CARDINIA,METROPOLITAN SOUTH EAST REGION,,,Local Road,Local Road,Undivided,Undivided,Metro
-37.95437126,142.5197232,1737,T20100033761,ABS to receive accident,Finished,19-08-2010,06.00.00,Yes,Vehicle overturned (no collision),Thursday,OFF CARRIAGEWAY TO LEFT,No,Dark No street lights,Yes,Not at intersection,Other injury accident,100,Yes,236000,142.51972,-37.95437,Non-Intersection,MOYNE,SOUTH WESTERN REGION,2282043.895,2391249.371,1,1,0,0,1,0,1,0,0,0,1,0,0,0,0,0,0,0,0,0,No,0,1,1,0,0,0,Country,Country,MOYNE,SOUTH WESTERN REGION,B,B,Arterial Highway,Arterial Highway,Undivided,Undivided,Country
-37.83557857,145.0946983,1738,T20100033764,ABS to receive accident,Finished,22-08-2010,11.05.00,No,Collision with a fixed object,Sunday,LEFT OFF CARRIAGEWAY INTO OBJECT/PARKED VEHICLE,No,Day,Yes,Not at intersection,Serious injury accident,60,Yes,236616,145.0947,-37.83558,Non-Intersection,BOROONDARA,METROPOLITAN SOUTH EAST REGION,2508335.738,2407269.562,1,1,0,1,0,0,1,0,0,0,1,0,0,0,0,0,0,0,0,0,No,0,1,0,1,0,0,Metropolitan Excluding CBD,Metropolitan Excluding CBD,BOROONDARA,METROPOLITAN SOUTH EAST REGION,,,Arterial Other,Arterial Other,Undivided,Undivided,Metro
-37.77052238,145.0991117,1739,T20100033766,ABS to receive accident,Finished,22-08-2010,11.00.00,No,Collision with vehicle,Sunday,LANE SIDE SWIPE (VEHICLES IN PARALLEL LANES),Yes,Day,Yes,Cross intersection,Other injury accident,70,No,29504,145.09911,-37.77052,Intersection,MANNINGHAM,METROPOLITAN SOUTH EAST REGION,2508731.735,2414489.538,2,1,0,0,1,1,1,0,1,0,1,0,0,0,0,0,0,0,0,0,No,0,2,0,1,0,0,Metropolitan Excluding CBD,Metropolitan Excluding CBD,MANNINGHAM,METROPOLITAN SOUTH EAST REGION,,,Arterial Other,Arterial Other,Undivided,Undivided,Metro
-38.34990717,146.7145436,1740,T20100033767,ABS to receive accident,Finished,22-08-2010,05.30.00,Yes,Collision with a fixed object,Sunday,LEFT OFF CARRIAGEWAY INTO OBJECT/PARKED VEHICLE,No,Dark No street lights,Yes,Not at intersection,Other injury accident,100,Yes,235837,146.71454,-38.34991,Non-Intersection,WELLINGTON,EASTERN REGION,2649884.945,2348832.515,1,1,0,0,1,0,1,0,0,0,1,0,0,0,0,0,0,0,0,0,No,0,1,0,1,0,0,Country,Country,WELLINGTON,"EASTERN REGION,EASTERN REGION",C,C,Arterial Other,Arterial Other,Undivided,Undivided,Country
-37.91941738,146.9277133,1741,T20100033769,ABS to receive accident,Finished,22-08-2010,10.20.00,No,Collision with vehicle,Sunday,REAR END(VEHICLES IN SAME LANE),No,Day,Yes,Not at intersection,Serious injury accident,100,No,238086,146.92771,-37.91942,Non-Intersection,WELLINGTON,EASTERN REGION,2669485.333,2396252.395,5,4,0,2,2,1,3,2,4,0,1,0,0,0,0,0,0,0,1,0,No,0,5,0,1,0,0,Country,Country,WELLINGTON,"EASTERN REGION,EASTERN REGION",,,Local Road,Local Road,Undivided,Undivided,Country
-37.79341054,144.8968649,1742,T20100033773,ABS to receive accident,Finished,19-08-2010,19.30.00,Yes,Struck Pedestrian,Thursday,FAR SIDE. PED HIT BY VEHICLE FROM THE LEFT,No,Dark Street lights on,No,Cross intersection,Other injury accident,50,No,38763,144.89686,-37.79341,Intersection,MARIBYRNONG,METROPOLITAN NORTH WEST REGION,2490916.552,2411948.902,2,1,0,0,1,1,1,1,0,0,1,1,0,0,0,0,0,0,0,0,No,0,1,0,0,0,0,Metropolitan Excluding CBD,Metropolitan Excluding CBD,MARIBYRNONG,METROPOLITAN NORTH WEST REGION,,,Arterial Other,"Arterial Other,Local Road",Undivided,Undivided,Metro
-37.84992001,145.1150981,1743,T20100033782,ABS to receive accident,Finished,22-08-2010,13.18.00,No,Collision with vehicle,Sunday,REAR END(VEHICLES IN SAME LANE),No,Day,Yes,Not at intersection,Other injury accident,70,No,235838,145.1151,-37.84992,Non-Intersection,WHITEHORSE,METROPOLITAN SOUTH EAST REGION,2510129.486,2405675.848,4,1,0,0,1,3,2,2,0,2,2,0,0,0,0,0,0,0,0,1,No,0,2,0,2,0,0,Metropolitan Excluding CBD,Metropolitan Excluding CBD,WHITEHORSE,METROPOLITAN SOUTH EAST REGION,,,Arterial Highway,Arterial Highway,Undivided,Undivided,Metro
-37.79875188,144.9488732,1744,T20100033783,ABS to receive accident,Finished,22-08-2010,13.32.00,No,Collision with vehicle,Sunday,CROSS TRAFFIC(INTERSECTIONS ONLY),No,Day,Yes,Cross intersection,Serious injury accident,60,No,35299,144.94887,-37.79875,Intersection,MELBOURNE,METROPOLITAN NORTH WEST REGION,2495497.409,2411359.797,3,1,0,1,0,2,1,1,0,1,1,0,0,1,0,0,0,0,0,0,No,0,2,0,1,1,0,Metropolitan Excluding CBD,Metropolitan Excluding CBD,MELBOURNE,METROPOLITAN NORTH WEST REGION,,,Arterial Other,"Arterial Other,Local Road",Undivided,Undivided,Metro
-38.00518789,141.5686919,1745,T20100033792,ABS to receive accident,Finished,21-08-2010,23.25.00,Yes,Collision with a fixed object,Saturday,LEFT OFF CARRIAGEWAY INTO OBJECT/PARKED VEHICLE,No,Dark No street lights,Yes,Not at intersection,Serious injury accident,100,Yes,235841,141.56869,-38.00519,Non-Intersection,GLENELG,SOUTH WESTERN REGION,2198705.763,2383017.975,1,1,0,1,0,0,0,1,0,0,1,0,0,0,0,0,0,0,0,0,No,0,1,0,1,0,0,Country,Country,GLENELG,SOUTH WESTERN REGION,C,C,Arterial Other,Arterial Other,Undivided,Undivided,Country
-37.81104648,145.0054735,1746,T20100033793,ABS to receive accident,Finished,22-08-2010,03.00.00,Yes,Struck Pedestrian,Sunday,PED PLAYING/LYING/WORKING/STANDING ON CARRIAGEWAY.,No,Dark Street lights on,Yes,T intersection,Other injury accident,50,No,37279,145.00547,-37.81105,Intersection,YARRA,METROPOLITAN NORTH WEST REGION,2500481.958,2409996.454,2,1,0,0,1,1,2,0,0,0,1,1,0,0,0,0,0,0,0,0,No,0,1,0,1,0,0,Metropolitan Excluding CBD,Metropolitan Excluding CBD,YARRA,METROPOLITAN NORTH WEST REGION,,,Arterial Other,"Arterial Other,Local Road",Undivided,Undivided,Metro
-37.73522288,145.0784051,1747,T20100033794,ABS to receive accident,Finished,21-08-2010,20.25.00,Yes,Collision with vehicle,Saturday,REAR END(VEHICLES IN SAME LANE),No,Dark Street lights on,Yes,T intersection,Other injury accident,60,No,44689,145.07841,-37.73522,Non-Intersection,BANYULE,METROPOLITAN NORTH WEST REGION,2506910.713,2418408.934,6,1,0,0,1,5,0,4,0,3,3,0,0,0,0,0,0,0,0,1,No,0,3,0,3,0,0,Metropolitan Excluding CBD,Metropolitan Excluding CBD,BANYULE,METROPOLITAN NORTH WEST REGION,,,Arterial Highway,Arterial Highway,Undivided,Undivided,Metro
-37.75749137,142.050605,1748,T20100033795,ABS to receive accident,Finished,22-08-2010,15.25.00,No,No collision and no object struck,,OFF CARRIAGEWAY ON LEFT BEND,No,Day,Yes,Not at intersection,Serious injury accident,100,Yes,277079,142.05061,-37.75749,Non-Intersection,SOUTHERN GRAMPIANS,SOUTH WESTERN REGION,2240155.064,2411914.877,2,1,0,1,0,1,1,1,0,1,1,0,0,0,0,0,0,0,0,1,No,0,1,0,1,0,0,Country,Country,SOUTHERN GRAMPIANS,SOUTH WESTERN REGION,B,B,Arterial Highway,Arterial Highway,Undivided,Undivided,Country