Latitude,Longitude,OBJECTID,ACCIDENT_NO,ABS_CODE,ACCIDENT_STATUS,ACCIDENT_DATE,ACCIDENT_TIME,ALCOHOLTIME,ACCIDENT_TYPE,DAY_OF_WEEK,DCA_CODE,HIT_RUN_FLAG,LIGHT_CONDITION,POLICE_ATTEND,ROAD_GEOMETRY,SEVERITY,SPEED_ZONE,RUN_OFFROAD,NODE_ID,LONGITUDE,LATITUDE,NODE_TYPE,LGA_NAME,REGION_NAME,VICGRID_X,VICGRID_Y,TOTAL_PERSONS,INJ_OR_FATAL,FATALITY,SERIOUSINJURY,OTHERINJURY,NONINJURED,MALES,FEMALES,BICYCLIST,PASSENGER,DRIVER,PEDESTRIAN,PILLION,MOTORIST,UNKNOWN,PED_CYCLIST_5_12,PED_CYCLIST_13_18,OLD_PEDESTRIAN,OLD_DRIVER,YOUNG_DRIVER,ALCOHOL_RELATED,UNLICENCSED,NO_OF_VEHICLES,HEAVYVEHICLE,PASSENGERVEHICLE,MOTORCYCLE,PUBLICVEHICLE,DEG_URBAN_NAME,DEG_URBAN_ALL,LGA_NAME_ALL,REGION_NAME_ALL,SRNS,SRNS_ALL,RMA,RMA_ALL,DIVIDED,DIVIDED_ALL,STAT_DIV_NAME
-37.88015761,145.1638013,1834,T20100034093,ABS to receive accident,Finished,24-08-2010,09.45.00,No,Struck Pedestrian,Tuesday,PED NEAR SIDE. PED HIT BY VEHICLE FROM THE RIGHT.,No,Day,No,Cross intersection,Other injury accident,Not known,No,41795,145.1638,-37.88016,Intersection,MONASH,METROPOLITAN SOUTH EAST REGION,2514409.955,2402313.513,2,1,0,0,1,1,1,1,0,0,1,1,0,0,0,0,0,0,0,0,No,0,1,0,1,0,0,Metropolitan Excluding CBD,Metropolitan Excluding CBD,MONASH,METROPOLITAN SOUTH EAST REGION,,,Local Road,Local Road,Undivided,Undivided,Metro
-38.25700093,145.024337,1835,T20100034095,ABS to receive accident,Finished,24-08-2010,17.10.00,No,Collision with vehicle,Tuesday,RIGHT REAR.,No,Dusk/Dawn,Yes,T intersection,Serious injury accident,70,No,222633,145.02434,-38.257,Intersection,MORNINGTON PENINSULA,METROPOLITAN SOUTH EAST REGION,2502130.29,2360495.887,2,1,0,1,0,1,0,2,0,0,2,0,0,0,0,0,0,0,1,1,No,0,2,0,2,0,0,Metropolitan Excluding CBD,Metropolitan Excluding CBD,MORNINGTON PENINSULA,METROPOLITAN SOUTH EAST REGION,C,C,Arterial Other,"Arterial Other,Local Road",Undivided,Undivided,Metro
-38.6313374,143.8974886,1836,T20100034103,ABS to receive accident,Finished,24-08-2010,17.10.00,No,Collision with vehicle,Tuesday,HEAD ON (NOT OVERTAKING),No,Day,Yes,Not at intersection,Serious injury accident,80,No,236586,143.89749,-38.63134,Non-Intersection,COLAC OTWAY,SOUTH WESTERN REGION,2403977.549,2318379.99,3,1,0,1,0,2,2,1,0,1,2,0,0,0,0,0,0,0,0,0,No,0,2,0,2,0,0,Country,Country,COLAC OTWAY,SOUTH WESTERN REGION,B,B,Arterial Highway,Arterial Highway,Undivided,Undivided,Country
-37.7804727,145.0327116,1837,T20100034105,ABS to receive accident,Finished,24-08-2010,18.30.00,Yes,Struck Pedestrian,Tuesday,PED NEAR SIDE. PED HIT BY VEHICLE FROM THE RIGHT.,No,Dark Street lights on,Yes,Not at intersection,Other injury accident,60,No,82420,145.03271,-37.78047,Non-Intersection,DAREBIN,METROPOLITAN NORTH WEST REGION,2502881.512,2413389.247,2,1,0,0,1,1,1,1,0,0,1,1,0,0,0,0,0,0,0,0,No,0,1,0,1,0,0,Metropolitan Excluding CBD,Metropolitan Excluding CBD,"YARRA,DAREBIN",METROPOLITAN NORTH WEST REGION,,,Arterial Other,Arterial Other,Undivided,Undivided,Metro
-37.73115605,145.0144569,1838,T20100034107,ABS to receive accident,Finished,24-08-2010,17.53.00,No,No collision and no object struck,Tuesday,OUT OF CONTROL ON CARRIAGEWAY (ON STRAIGHT),No,Dusk/Dawn,No,Cross intersection,Other injury accident,60,No,44393,145.01446,-37.73116,Intersection,DAREBIN,METROPOLITAN NORTH WEST REGION,2501274.318,2418863.035,1,1,0,0,1,0,0,1,0,0,0,0,0,1,0,0,0,0,0,0,No,0,1,0,0,1,0,Metropolitan Excluding CBD,Metropolitan Excluding CBD,DAREBIN,METROPOLITAN NORTH WEST REGION,,,Arterial Other,"Arterial Other,Local Road",Undivided,Undivided,Metro
-37.84834134,144.9845721,1839,T20100034109,ABS to receive accident,Finished,24-08-2010,18.15.00,Yes,Collision with vehicle,Tuesday,OTHER OVERTAKING MANOEUVRES NOT INCLUDED IN DCAs 150-154,Yes,Dark Street lights unknown,No,Cross intersection,Other injury accident,Not known,No,37621,144.98457,-37.84834,Intersection,MELBOURNE,METROPOLITAN SOUTH EAST REGION,2498642.206,2405857.076,2,1,0,0,1,1,0,1,0,0,2,0,0,0,0,0,0,0,0,0,No,0,2,0,2,0,0,Metropolitan Excluding CBD,Metropolitan Excluding CBD,"STONNINGTON,MELBOURNE","METROPOLITAN NORTH WEST REGION,METROPOLITAN SOUTH EAST REGION",,,Arterial Highway,"Arterial Highway,Local Road",Undivided,Undivided,Metro
-37.67601633,145.0407425,1840,T20100034123,ABS to receive accident,Finished,24-08-2010,18.00.00,Yes,Collision with vehicle,Tuesday,HEAD ON (NOT OVERTAKING),No,Dark Street lights on,Yes,Not at intersection,Other injury accident,70,No,236055,145.04074,-37.67602,Non-Intersection,WHITTLESEA,METROPOLITAN NORTH WEST REGION,2503593.904,2424981.899,2,1,0,0,1,1,1,1,0,0,2,0,0,0,0,0,0,0,1,0,No,1,2,0,2,0,0,Metropolitan Excluding CBD,Metropolitan Excluding CBD,WHITTLESEA,METROPOLITAN NORTH WEST REGION,,,Local Road,Local Road,Undivided,Undivided,Metro
-38.07825024,145.244129,1841,T20100034129,ABS to receive accident,Finished,24-08-2010,17.08.00,No,Collision with vehicle,Monday,RIGHT THROUGH,No,Dusk/Dawn,Yes,T intersection,Other injury accident,70,No,278557,145.24413,-38.07825,Intersection,CASEY,METROPOLITAN SOUTH EAST REGION,2521420.151,2380311.066,5,1,0,0,1,4,4,1,0,2,3,0,0,0,0,0,0,0,0,2,No,0,3,0,3,0,0,Metropolitan Excluding CBD,Metropolitan Excluding CBD,CASEY,METROPOLITAN SOUTH EAST REGION,,,Arterial Other,"Arterial Other,Local Road",Undivided,Undivided,Metro
-37.81736977,144.9561775,1842,T20100034133,ABS to receive accident,Finished,24-08-2010,22.06.00,Yes,Collision with vehicle,Tuesday,LANE SIDE SWIPE (VEHICLES IN PARALLEL LANES),Not known,Dark Street lights on,No,Cross intersection,Other injury accident,60,No,36852,144.95618,-37.81737,Intersection,MELBOURNE,METROPOLITAN NORTH WEST REGION,2496141.629,2409293.775,2,1,0,0,1,1,2,0,0,0,1,0,0,1,0,0,0,0,0,0,No,0,2,0,1,1,0,Metropolitan CBD Only,Metropolitan CBD Only,MELBOURNE,METROPOLITAN NORTH WEST REGION,,,Arterial Other,"Arterial Other,Local Road",Undivided,Undivided,Metro
-37.88522008,145.1318951,1843,T20100034136,ABS to receive accident,Finished,24-08-2010,18.45.00,Yes,Collision with vehicle,Tuesday,REAR END(VEHICLES IN SAME LANE),No,Dark Street lights on,Yes,T intersection,Other injury accident,60,No,41725,145.1319,-37.88522,Intersection,MONASH,METROPOLITAN SOUTH EAST REGION,2511602.314,2401755.986,2,1,0,0,1,1,1,1,0,0,2,0,0,0,0,0,0,0,0,0,No,0,2,0,2,0,0,Metropolitan Excluding CBD,Metropolitan Excluding CBD,MONASH,METROPOLITAN SOUTH EAST REGION,,,Arterial Other,Arterial Other,Undivided,Undivided,Metro
-38.00827215,144.4791043,1844,T20100034143,ABS to receive accident,Finished,24-08-2010,22.48.00,Yes,Collision with vehicle,Tuesday,LANE CHANGE RIGHT (NOT OVERTAKING),No,Dark No street lights,Yes,Not at intersection,Serious injury accident,100,No,236066,144.4791,-38.00827,Non-Intersection,GEELONG,SOUTH WESTERN REGION,2454253.704,2387980.862,3,1,0,1,0,2,2,1,0,1,2,0,0,0,0,0,0,0,0,0,No,0,2,0,2,0,0,Country,Country,GEELONG,SOUTH WESTERN REGION,M,M,Freeway,Freeway,Undivided,Undivided,Country
-37.87946719,145.0694364,1845,T20100034146,ABS to receive accident,Finished,12-08-2010,08.45.00,No,Collision with vehicle,Thursday,VEHICLE STRIKES DOOR OF PARKED/STATIONARY VEHICLE,No,Day,No,Not at intersection,Other injury accident,60,No,237345,145.06944,-37.87947,Non-Intersection,STONNINGTON,METROPOLITAN SOUTH EAST REGION,2506108.528,2402400.312,3,1,0,0,1,2,2,1,0,1,2,0,0,0,0,0,0,0,0,0,No,0,2,0,1,0,0,Metropolitan Excluding CBD,Metropolitan Excluding CBD,STONNINGTON,METROPOLITAN SOUTH EAST REGION,,,Arterial Other,Arterial Other,Undivided,Undivided,Metro
-37.99830115,145.0837974,1846,T20100034150,ABS to receive accident,Finished,24-08-2010,23.55.00,Yes,Collision with vehicle,Tuesday,CROSS TRAFFIC(INTERSECTIONS ONLY),No,Dark Street lights on,Yes,Cross intersection,Serious injury accident,80,No,29700,145.0838,-37.9983,Intersection,KINGSTON,METROPOLITAN SOUTH EAST REGION,2507360.299,2389209.523,3,3,0,1,2,0,2,1,0,1,2,0,0,0,0,0,0,0,0,1,No,1,2,0,2,0,0,Metropolitan Excluding CBD,Metropolitan Excluding CBD,KINGSTON,METROPOLITAN SOUTH EAST REGION,,,Arterial Highway,"Arterial Highway,Local Road,Arterial Other",Undivided,Undivided,Metro
-37.98467883,145.0933946,1847,T20100034152,ABS to receive accident,Finished,24-08-2010,02.30.00,Yes,Collision with a fixed object,Tuesday,RIGHT OFF CARRIAGEWAY INTO OBJECT/PARKED VEHICLE,Yes,Dark Street lights on,Yes,Not at intersection,Other injury accident,60,Yes,236138,145.09339,-37.98468,Non-Intersection,KINGSTON,METROPOLITAN SOUTH EAST REGION,2508204.743,2390720.761,1,1,0,0,1,0,1,0,0,0,1,0,0,0,0,0,0,0,0,1,Yes,1,1,0,1,0,0,Metropolitan Excluding CBD,Metropolitan Excluding CBD,KINGSTON,METROPOLITAN SOUTH EAST REGION,,,Arterial Highway,Arterial Highway,Undivided,Undivided,Metro
-37.43029664,143.7968914,1848,T20100034157,ABS to receive accident,Finished,23-08-2010,13.40.00,No,Collision with vehicle,Monday,CROSS TRAFFIC(INTERSECTIONS ONLY),No,Day,Yes,Cross intersection,Fatal accident,100,No,22491,143.79689,-37.4303,Intersection,BALLARAT,WESTERN REGION,2393531.798,2451578.992,3,3,1,2,0,0,0,3,0,1,2,0,0,0,0,0,0,0,1,0,No,0,2,0,2,0,0,Country,Country,BALLARAT,WESTERN REGION,C,C,Arterial Other,"Arterial Other,Local Road",Undivided,Undivided,Country
-37.81570684,144.9791125,1849,T20100034162,ABS to receive accident,Finished,23-08-2010,14.50.00,No,Collision with vehicle,Monday,VEHICLE STRIKES DOOR OF PARKED/STATIONARY VEHICLE,No,Day,No,T intersection,Other injury accident,60,No,246,144.97911,-37.81571,Intersection,MELBOURNE,METROPOLITAN NORTH WEST REGION,2498160.909,2409479.025,2,1,0,0,1,1,1,1,0,0,2,0,0,0,0,0,0,0,0,1,No,0,2,0,2,0,0,Metropolitan Excluding CBD,Metropolitan Excluding CBD,MELBOURNE,METROPOLITAN NORTH WEST REGION,,,Arterial Other,Arterial Other,Undivided,Undivided,Metro
-38.0238513,145.2140707,1850,T20100034166,ABS to receive accident,Finished,25-08-2010,06.55.00,No,Collision with vehicle,Wednesday,LEFT TURN SIDESWIPE,No,Dusk/Dawn,Yes,Not at intersection,Other injury accident,60,No,236069,145.21407,-38.02385,Non-Intersection,DANDENONG,METROPOLITAN SOUTH EAST REGION,2518796.388,2386355.637,2,1,0,0,1,1,2,0,0,0,1,0,0,1,0,0,0,0,0,0,No,0,2,0,1,1,0,Metropolitan Excluding CBD,Metropolitan Excluding CBD,DANDENONG,METROPOLITAN SOUTH EAST REGION,,,Local Road,Local Road,Undivided,Undivided,Metro
-37.65532636,143.6645752,1851,T20100034169,ABS to receive accident,Finished,25-08-2010,06.30.00,No,Collision with vehicle,Wednesday,LANE SIDE SWIPE (VEHICLES IN PARALLEL LANES),No,Day,Yes,Not at intersection,Other injury accident,100,No,236073,143.66458,-37.65533,Non-Intersection,GOLDEN PLAINS,SOUTH WESTERN REGION,2382173.596,2426452.434,2,1,0,0,1,1,0,2,0,0,2,0,0,0,0,0,0,0,0,1,No,0,2,0,2,0,0,Country,Country,GOLDEN PLAINS,SOUTH WESTERN REGION,B,B,Arterial Highway,Arterial Highway,Undivided,Undivided,Country
-37.77218118,145.0236499,1852,T20100034170,ABS to receive accident,Finished,25-08-2010,08.20.00,No,Struck Pedestrian,Wednesday,PED NEAR SIDE. PED HIT BY VEHICLE FROM THE RIGHT.,No,Day,Yes,Not at intersection,Serious injury accident,50,No,236074,145.02365,-37.77218,Non-Intersection,DAREBIN,METROPOLITAN NORTH WEST REGION,2502083.51,2414309.722,2,1,0,1,0,1,0,2,0,0,1,1,0,0,0,0,0,0,0,1,No,0,1,0,1,0,0,Metropolitan Excluding CBD,Metropolitan Excluding CBD,DAREBIN,METROPOLITAN NORTH WEST REGION,,,Local Road,Local Road,Undivided,Undivided,Metro
-37.97605871,145.2045012,1853,T20100034172,ABS to receive accident,Finished,25-08-2010,08.35.00,No,Collision with vehicle,Wednesday,REAR END(VEHICLES IN SAME LANE),No,Day,Yes,Not at intersection,Other injury accident,80,No,239756,145.2045,-37.97606,Non-Intersection,DANDENONG,METROPOLITAN SOUTH EAST REGION,2517967.537,2391662.281,3,1,0,0,1,2,1,2,0,0,3,0,0,0,0,0,0,0,0,2,No,0,3,0,3,0,0,Metropolitan Excluding CBD,Metropolitan Excluding CBD,DANDENONG,METROPOLITAN SOUTH EAST REGION,,,Arterial Highway,Arterial Highway,Undivided,Undivided,Metro
-37.87072304,145.0388348,1854,T20100034174,ABS to receive accident,Finished,25-08-2010,09.00.00,No,Struck Pedestrian,Wednesday,PED NEAR SIDE. PED HIT BY VEHICLE FROM THE RIGHT.,No,Day,Yes,T intersection,Other injury accident,60,No,40355,145.03883,-37.87072,Intersection,STONNINGTON,METROPOLITAN SOUTH EAST REGION,2503416.806,2403372.357,3,2,0,0,2,1,2,1,0,0,1,2,0,0,0,1,0,0,0,0,No,0,1,0,1,0,0,Metropolitan Excluding CBD,Metropolitan Excluding CBD,STONNINGTON,METROPOLITAN SOUTH EAST REGION,,,Arterial Other,"Arterial Other,Local Road",Undivided,Undivided,Metro
-37.82071027,144.7863655,1855,T20100034176,ABS to receive accident,Finished,25-08-2010,07.45.00,No,Collision with vehicle,Wednesday,TWO RIGHT TURNING (INTERSECTIONS ONLY),No,Day,Yes,T intersection,Other injury accident,60,No,38499,144.78637,-37.82071,Intersection,WYNDHAM,METROPOLITAN NORTH WEST REGION,2481191.316,2408902.805,3,1,0,0,1,2,3,0,0,0,3,0,0,0,0,0,0,0,0,1,No,0,3,1,1,0,0,Metropolitan Excluding CBD,Metropolitan Excluding CBD,WYNDHAM,METROPOLITAN NORTH WEST REGION,,,Arterial Other,"Arterial Other,Local Road",Undivided,Undivided,Metro
-37.79077027,145.0345634,1856,T20100034181,ABS to receive accident,Finished,25-08-2010,09.05.00,No,Collision with vehicle,Wednesday,REAR END(VEHICLES IN SAME LANE),No,Day,Yes,Not at intersection,Other injury accident,100,No,139485,145.03456,-37.79077,Non-Intersection,BOROONDARA,METROPOLITAN SOUTH EAST REGION,2503044.22,2412246.304,3,1,0,0,1,2,1,2,0,0,3,0,0,0,0,0,0,0,0,0,No,1,3,0,3,0,0,Metropolitan Excluding CBD,Metropolitan Excluding CBD,BOROONDARA,METROPOLITAN SOUTH EAST REGION,M,M,Freeway,Freeway,Undivided,Undivided,Metro
-37.80501422,144.9923688,1857,T20100034185,ABS to receive accident,Finished,25-08-2010,08.32.00,No,Collision with vehicle,Wednesday,LANE SIDE SWIPE (VEHICLES IN PARALLEL LANES),No,Day,Yes,Not at intersection,Serious injury accident,40,No,236078,144.99237,-37.80501,Non-Intersection,YARRA,METROPOLITAN NORTH WEST REGION,2499327.998,2410665.943,2,1,0,1,0,1,2,0,1,0,1,0,0,0,0,0,0,0,0,0,No,0,2,0,1,0,0,Metropolitan Excluding CBD,Metropolitan Excluding CBD,YARRA,METROPOLITAN NORTH WEST REGION,,,Local Road,Local Road,Undivided,Undivided,Metro
-37.7163988,145.1468936,1858,T20100034187,ABS to receive accident,Finished,25-08-2010,10.45.00,No,Collision with vehicle,Wednesday,VEHICLE STRIKES DOOR OF PARKED/STATIONARY VEHICLE,No,Day,No,Not at intersection,Other injury accident,60,No,236080,145.14689,-37.7164,Non-Intersection,NILLUMBIK,METROPOLITAN NORTH WEST REGION,2512950.592,2420490.947,2,1,0,0,1,1,1,1,1,0,1,0,0,0,0,0,0,0,0,0,No,0,2,0,1,0,0,Metropolitan Excluding CBD,Metropolitan Excluding CBD,NILLUMBIK,METROPOLITAN NORTH WEST REGION,,,Arterial Other,Arterial Other,Undivided,Undivided,Metro
-37.778209,145.0182559,1859,T20100034190,ABS to receive accident,Finished,25-08-2010,10.40.00,No,Collision with vehicle,Wednesday,RIGHT TURN SIDESWIPE,No,Day,Yes,Not at intersection,Serious injury accident,50,No,236480,145.01826,-37.77821,Non-Intersection,DAREBIN,METROPOLITAN NORTH WEST REGION,2501608.18,2413640.826,2,1,0,1,0,1,2,0,0,0,1,0,0,1,0,0,0,0,0,0,No,0,2,0,1,1,0,Metropolitan Excluding CBD,Metropolitan Excluding CBD,DAREBIN,METROPOLITAN NORTH WEST REGION,,,Arterial Other,Arterial Other,Undivided,Undivided,Metro
-38.05614549,145.1315034,1860,T20100034191,ABS to receive accident,Finished,25-08-2010,10.15.00,No,Struck Pedestrian,Wednesday,ANY MANOEUVRE INVOLVING PED NOT INCLUDED IN DCAs 100-108.,No,Day,Yes,Cross intersection,Serious injury accident,Not known,No,236081,145.1315,-38.05615,Non-Intersection,KINGSTON,METROPOLITAN SOUTH EAST REGION,2511541.655,2382784.189,3,1,0,1,0,2,2,1,0,1,1,1,0,0,0,0,0,0,1,0,No,0,1,0,1,0,0,Metropolitan Excluding CBD,Metropolitan Excluding CBD,KINGSTON,METROPOLITAN SOUTH EAST REGION,,,Local Road,Local Road,Undivided,Undivided,Metro
-37.83305878,144.9133344,1861,T20100034194,ABS to receive accident,Finished,24-08-2010,18.00.00,Yes,Collision with vehicle,Tuesday,REAR END(VEHICLES IN SAME LANE),No,Dusk/Dawn,No,Not at intersection,Other injury accident,80,No,236483,144.91333,-37.83306,Non-Intersection,MELBOURNE,METROPOLITAN NORTH WEST REGION,2492371.077,2407549.902,5,1,0,0,1,4,2,1,0,1,4,0,0,0,0,0,0,0,0,1,No,0,4,0,3,0,0,Metropolitan Excluding CBD,Metropolitan Excluding CBD,MELBOURNE,METROPOLITAN NORTH WEST REGION,M,M,Freeway,Freeway,Undivided,Undivided,Metro
-37.73357773,145.0407574,1862,T20100034196,ABS to receive accident,Finished,25-08-2010,11.15.00,No,No collision and no object struck,Wednesday,OFF CARRIAGEWAY ON RIGHT BEND,No,Day,Yes,T intersection,Other injury accident,50,Yes,238059,145.04076,-37.73358,Non-Intersection,BANYULE,METROPOLITAN NORTH WEST REGION,2503592.484,2418593.596,3,1,0,0,1,2,1,0,0,1,1,0,0,1,0,0,0,0,0,0,No,1,2,0,1,1,0,Metropolitan Excluding CBD,Metropolitan Excluding CBD,BANYULE,METROPOLITAN NORTH WEST REGION,,,Local Road,Local Road,Undivided,Undivided,Metro
-37.80821074,145.0424754,1863,T20100034199,ABS to receive accident,Finished,24-08-2010,16.15.00,No,Collision with vehicle,Tuesday,CROSS TRAFFIC(INTERSECTIONS ONLY),No,Day,No,Cross intersection,Other injury accident,60,No,29548,145.04248,-37.80821,Intersection,BOROONDARA,METROPOLITAN SOUTH EAST REGION,2503740.215,2410310.364,3,1,0,0,1,2,0,3,0,1,2,0,0,0,0,0,0,0,0,0,No,0,2,0,2,0,0,Metropolitan Excluding CBD,Metropolitan Excluding CBD,BOROONDARA,METROPOLITAN SOUTH EAST REGION,,,Arterial Other,"Arterial Other,Local Road",Undivided,Undivided,Metro
-37.64378563,144.9289996,1864,T20100034207,ABS to receive accident,Finished,25-08-2010,10.17.00,No,Collision with vehicle,Wednesday,REAR END(VEHICLES IN SAME LANE),No,Day,Yes,Cross intersection,Serious injury accident,80,No,36816,144.929,-37.64379,Intersection,HUME,METROPOLITAN NORTH WEST REGION,2493734.378,2428557.311,2,1,0,1,0,1,2,0,0,0,2,0,0,0,0,0,0,0,0,0,No,0,2,1,1,0,0,Metropolitan Excluding CBD,Metropolitan Excluding CBD,HUME,METROPOLITAN NORTH WEST REGION,,,Arterial Other,"Arterial Other,Local Road",Undivided,Undivided,Metro
-37.31665275,145.7180318,1865,T20100034219,ABS to receive accident,Finished,22-08-2010,17.10.00,Yes,Collision with a fixed object,Sunday,LEFT OFF CARRIAGEWAY INTO OBJECT/PARKED VEHICLE,No,Day,Yes,Not at intersection,Serious injury accident,100,Yes,236083,145.71803,-37.31665,Non-Intersection,MURRINDINDI,NORTH EASTERN REGION,2563637.896,2464622.848,2,2,0,2,0,0,2,0,0,1,1,0,0,0,0,0,0,0,0,0,No,0,1,0,1,0,0,Country,Country,"MURRINDINDI,MURRINDINDI",NORTH EASTERN REGION,C,C,Arterial Other,Arterial Other,Undivided,Undivided,Country
-37.81845213,145.2443869,1866,T20100034220,ABS to receive accident,Finished,22-08-2010,16.40.00,Yes,No collision and no object struck,Sunday,OUT OF CONTROL ON CARRIAGEWAY (ON STRAIGHT),No,Day,Yes,T intersection,Serious injury accident,40,No,236086,145.24439,-37.81845,Intersection,MAROONDAH,METROPOLITAN SOUTH EAST REGION,2521516.807,2409146.917,1,1,0,1,0,0,1,0,0,0,0,0,0,1,0,0,0,0,0,0,Yes,1,1,0,0,1,0,Metropolitan Excluding CBD,Metropolitan Excluding CBD,MAROONDAH,METROPOLITAN SOUTH EAST REGION,,,Local Road,Local Road,Undivided,Undivided,Metro
-37.8323625,145.2383791,1867,T20100034225,ABS to receive accident,Finished,25-08-2010,13.00.00,No,Collision with vehicle,Wednesday,RIGHT THROUGH,No,Day,Yes,T intersection,Other injury accident,70,No,40904,145.23838,-37.83236,Intersection,MAROONDAH,METROPOLITAN SOUTH EAST REGION,2520983.991,2407604.382,3,1,0,0,1,2,1,2,0,1,2,0,0,0,0,0,0,0,0,0,No,0,2,0,2,0,0,Metropolitan Excluding CBD,Metropolitan Excluding CBD,MAROONDAH,METROPOLITAN SOUTH EAST REGION,,,Arterial Other,"Arterial Other,Local Road",Undivided,Undivided,Metro
-37.7345273,144.9070325,1868,T20100034244,ABS to receive accident,Finished,23-08-2010,18.00.00,Yes,Collision with vehicle,Monday,REAR END(VEHICLES IN SAME LANE),No,Dark Street lights on,Yes,Not at intersection,Serious injury accident,100,No,236089,144.90703,-37.73453,Non-Intersection,MOONEE VALLEY,METROPOLITAN NORTH WEST REGION,2491805.663,2418484.977,2,1,0,1,0,1,2,0,0,0,2,0,0,0,0,0,0,0,0,0,No,0,2,0,2,0,0,Metropolitan Excluding CBD,Metropolitan Excluding CBD,MOONEE VALLEY,METROPOLITAN NORTH WEST REGION,,,Freeway,Freeway,Undivided,Undivided,Metro
-37.7418817,145.0307095,1869,T20100034245,ABS to receive accident,Finished,25-08-2010,14.20.00,No,Collision with vehicle,Wednesday,RIGHT THROUGH,No,Day,Yes,Not at intersection,Other injury accident,60,No,236139,145.03071,-37.74188,Non-Intersection,DAREBIN,METROPOLITAN NORTH WEST REGION,2502706.535,2417672.322,3,1,0,0,1,2,1,1,0,0,2,0,0,0,1,0,0,0,0,2,No,0,3,0,2,0,0,Metropolitan Excluding CBD,Metropolitan Excluding CBD,DAREBIN,METROPOLITAN NORTH WEST REGION,,,Local Road,Local Road,Undivided,Undivided,Metro
-37.8447537,145.0195894,1870,T20100034246,ABS to receive accident,Finished,25-08-2010,12.55.00,No,Collision with a fixed object,Wednesday,RIGHT OFF CARRIAGEWAY INTO OBJECT/PARKED VEHICLE,No,Day,Yes,Not at intersection,Other injury accident,50,Yes,236090,145.01959,-37.84475,Non-Intersection,STONNINGTON,METROPOLITAN SOUTH EAST REGION,2501724.133,2406255.196,1,1,0,0,1,0,0,1,0,0,1,0,0,0,0,0,0,0,0,0,No,0,1,0,1,0,0,Metropolitan Excluding CBD,Metropolitan Excluding CBD,STONNINGTON,METROPOLITAN SOUTH EAST REGION,,,Local Road,Local Road,Undivided,Undivided,Metro
-37.79318581,145.0640523,1871,T20100034254,ABS to receive accident,Finished,25-08-2010,17.08.00,No,Collision with vehicle,Wednesday,VEHICLE STRIKES ANOTHER VEH WHILE EMERGING FROM DRIVEWAY,No,Day,Yes,Not at intersection,Other injury accident,60,No,86749,145.06405,-37.79319,Non-Intersection,BOROONDARA,METROPOLITAN SOUTH EAST REGION,2505641.319,2411976.867,2,1,0,0,1,1,0,2,0,0,2,0,0,0,0,0,0,0,0,1,No,0,2,0,2,0,0,Metropolitan Excluding CBD,Metropolitan Excluding CBD,BOROONDARA,METROPOLITAN SOUTH EAST REGION,,,Arterial Other,Arterial Other,Undivided,Undivided,Metro
-37.68680737,144.8778079,1872,T20100034258,ABS to receive accident,Finished,25-08-2010,16.30.00,No,Collision with vehicle,Wednesday,REAR END(VEHICLES IN SAME LANE),No,Day,Yes,Multiple intersection,Other injury accident,100,No,236094,144.87781,-37.68681,Intersection,HUME,METROPOLITAN NORTH WEST REGION,2489222.953,2423778.146,2,1,0,0,1,1,0,2,0,0,2,0,0,0,0,0,0,0,0,1,No,0,2,0,2,0,0,Metropolitan Excluding CBD,Metropolitan Excluding CBD,HUME,METROPOLITAN NORTH WEST REGION,,,Freeway,Freeway,Undivided,Undivided,Metro
-38.24560427,146.4322084,1873,T20100034262,ABS to receive accident,Finished,25-08-2010,17.05.00,No,Collision with vehicle,Wednesday,U TURN,No,Day,Yes,Not at intersection,Other injury accident,110,No,236095,146.43221,-38.2456,Non-Intersection,LATROBE,EASTERN REGION,2625379.511,2360818.177,3,2,0,0,2,1,2,1,0,1,2,0,0,0,0,0,0,0,1,0,No,0,2,0,2,0,0,Country,Country,LATROBE,"EASTERN REGION,EASTERN REGION",M,M,Freeway,Freeway,Undivided,Undivided,Country
-37.88601423,145.0744807,1874,T20100034266,ABS to receive accident,Finished,25-08-2010,18.25.00,Yes,Collision with vehicle,Wednesday,REAR END(VEHICLES IN SAME LANE),No,Dark Street lights on,Yes,Not at intersection,Other injury accident,80,No,236096,145.07448,-37.88601,Non-Intersection,GLEN EIRA,METROPOLITAN SOUTH EAST REGION,2506551.724,2401673.317,8,2,0,0,2,6,6,2,0,1,7,0,0,0,0,0,0,0,0,2,No,0,7,0,7,0,0,Metropolitan Excluding CBD,Metropolitan Excluding CBD,GLEN EIRA,METROPOLITAN SOUTH EAST REGION,,,Arterial Highway,Arterial Highway,Undivided,Undivided,Metro